,IMDB Rating,Metascore,Votes,Duration,Gross
0,9.2,100.0,,175,134970000.0
1,9.0,90.0,,202,57300000.0
2,7.7,86.0,56476.0,124,54800000.0
3,8.3,100.0,313044.0,218,44820000.0
4,7.4,73.0,64331.0,113,
5,7.6,90.0,216050.0,138,132090000.0
6,8.5,82.0,348110.0,166,5320000.0
7,7.7,73.0,78858.0,150,45300000.0
8,8.0,96.0,234034.0,137,
9,7.8,80.0,59119.0,124,42770000.0
10,8.5,97.0,,109,32000000.0
11,8.1,86.0,146211.0,130,4360000.0
12,7.9,100.0,106938.0,102,10460000.0
13,8.1,88.0,232645.0,161,44910000.0
14,7.9,69.0,81820.0,197,111720000.0
15,8.8,90.0,,161,6100000.0
16,8.0,78.0,147146.0,118,
17,7.9,73.0,153077.0,80,
18,7.8,83.0,85196.0,113,13470000.0
19,7.7,87.0,121187.0,113,4420000.0
20,8.3,100.0,425385.0,128,3200000.0
21,5.8,31.0,76217.0,104,58850000.0
22,7.1,73.0,53670.0,130,7000000.0
23,7.7,80.0,118842.0,109,7060000.0
24,6.8,77.0,87091.0,118,94210000.0
25,6.4,22.0,156829.0,95,39750000.0
26,8.0,86.0,272254.0,125,50000000.0
27,8.5,100.0,,112,36760000.0
28,7.2,,45330.0,112,
29,7.5,59.0,45881.0,210,46300000.0
30,7.7,95.0,101519.0,170,72000000.0
31,8.5,89.0,,117,78900000.0
32,8.6,90.0,,121,322740000.0
33,8.7,82.0,,124,290480000.0
34,7.4,86.0,205836.0,98,33800000.0
35,8.0,90.0,86587.0,134,8279999.999999999
36,9.0,97.0,,96,4360000.0
37,8.3,100.0,464602.0,119,1590000.0
38,8.1,97.0,181240.0,104,450000.0
39,7.4,74.0,41277.0,153,16800000.0
40,8.4,94.0,,147,83470000.0
41,8.2,75.0,188119.0,105,10000.0
42,8.6,89.0,497634.0,130,
43,8.3,88.0,331928.0,129,
44,8.2,98.0,138377.0,138,10000.0
45,7.9,,76691.0,220,93740000.0
46,8.0,99.0,109503.0,95,2240000.0
47,7.7,73.0,151809.0,93,119500000.0
48,7.4,82.0,67421.0,111,
49,7.0,55.0,115921.0,125,46800000.0
50,8.1,87.0,,124,260000000.0
51,7.7,94.0,135004.0,104,15630000.0
52,8.1,83.0,452972.0,122,232910000.0
53,8.0,75.0,79672.0,131,
54,7.6,84.0,42085.0,201,
55,8.4,85.0,263525.0,149,11490000.0
56,8.0,93.0,124834.0,138,50000.0
57,8.0,95.0,77951.0,174,19520000.0
58,8.1,70.0,,120,117240000.0
59,8.0,92.0,277594.0,93,39200000.0
60,7.7,83.0,134207.0,130,29800000.0
61,7.2,78.0,178878.0,110,16070000.0
62,8.4,97.0,,95,280000.0
63,7.9,86.0,107677.0,172,61700000.0
64,8.2,91.0,,91,1230000.0
65,8.0,77.0,420936.0,94,20050000.0
66,7.2,73.0,23869.0,129,
67,7.9,60.0,213702.0,133,57230000.0
68,8.0,83.0,168404.0,106,86300000.0
69,8.2,86.0,258019.0,172,12100000.0
70,7.4,81.0,75535.0,114,42300000.0
71,7.7,,6227.0,50,
72,6.7,55.0,115093.0,121,35380000.0
73,8.4,86.0,,115,248160000.0
74,8.1,92.0,427106.0,102,2080000.0
75,7.5,79.0,108444.0,153,9250000.0
76,7.6,85.0,50657.0,118,30500000.0
77,8.1,73.0,121085.0,129,9600000.0
78,7.6,86.0,120824.0,153,43660000.0
79,7.6,89.0,97615.0,111,
80,7.9,88.0,28512.0,111,
81,7.9,84.0,53257.0,108,17570000.0
82,7.7,90.0,305684.0,91,47000000.0
83,7.7,74.0,102205.0,128,4910000.0
84,8.1,63.0,259632.0,172,163210000.0
85,8.1,91.0,164105.0,108,9600000.0
86,7.6,90.0,203800.0,119,11400000.0
87,7.3,83.0,181498.0,79,144880000.0
88,8.3,94.0,195905.0,125,18600000.0
89,8.2,98.0,282633.0,121,25000000.0
90,6.8,,1883.0,106,
91,7.4,82.0,186918.0,143,134220000.0
92,7.4,80.0,76703.0,116,81600000.0
93,7.1,61.0,63899.0,94,73690000.0
94,7.9,87.0,142708.0,197,30000000.0
95,8.4,68.0,,146,44020000.0
96,7.8,83.0,146822.0,96,45700000.0
97,8.3,77.0,,136,6210000.0
98,8.1,89.0,182305.0,185,
99,7.8,94.0,95880.0,119,
100,7.7,78.0,259825.0,88,83400000.0
101,8.3,95.0,166862.0,107,5720000.0
102,8.2,78.0,257543.0,124,
103,8.0,83.0,287691.0,106,104950000.0
104,8.0,66.0,226229.0,110,102310000.0
105,7.4,64.0,69960.0,125,21710000.0
106,7.8,79.0,120106.0,113,44790000.0
107,7.9,84.0,125578.0,138,70600000.0
108,7.1,66.0,114264.0,78,37680000.0
109,7.6,65.0,197891.0,78,141840000.0
110,8.1,90.0,378825.0,129,23380000.0
111,8.1,93.0,70261.0,170,23650000.0
112,8.3,60.0,84950.0,179,
113,6.8,,17606.0,162,17260000.0
114,7.5,57.0,138394.0,83,32060000.000000004
115,6.9,79.0,68084.0,116,42370000.0
116,6.7,43.0,112726.0,125,20970000.0
117,7.4,89.0,25043.0,151,58500000.0
118,7.5,96.0,47925.0,87,13780000.0
119,7.6,76.0,146910.0,112,43000000.0
120,7.4,65.0,166303.0,100,139880000.0
121,7.7,87.0,201945.0,110,51080000.0
122,6.9,64.0,50529.0,144,7500000.0
123,6.5,70.0,7442.0,179,31100000.0
124,6.8,83.0,114301.0,127,108190000.0
125,7.2,65.0,101451.0,83,63460000.0
126,7.8,88.0,185401.0,139,102270000.0
127,8.0,79.0,192153.0,112,33400000.0
128,7.9,97.0,113976.0,122,8000000.0
129,8.2,97.0,333116.0,238,198680000.0
130,7.7,75.0,58928.0,178,39100000.0
131,7.9,98.0,90101.0,145,12060000.0
132,7.3,68.0,153393.0,75,1070000.0
133,8.4,76.0,137124.0,116,8180000.0
134,7.8,63.0,48763.0,108,56700000.0
135,7.4,66.0,11290.0,134,
136,8.1,88.0,197709.0,96,
137,8.2,94.0,,114,28260000.0
138,8.3,84.0,,149,56950000.0
139,7.1,70.0,49046.0,117,84560000.0
140,8.1,83.0,169926.0,121,
141,8.1,90.0,360963.0,183,48980000.0
142,7.5,55.0,119852.0,97,30570000.0
143,6.9,84.0,37317.0,100,106400000.0
144,7.8,93.0,53542.0,96,
145,8.3,83.0,278852.0,129,159600000.0
146,7.4,79.0,128901.0,109,
147,7.7,87.0,167738.0,102,35900000.0
148,7.4,73.0,19107.0,102,18750000.0
149,6.7,54.0,107960.0,127,62300000.0
150,7.1,61.0,106132.0,79,22180000.0
151,7.2,85.0,116636.0,95,41730000.0
152,6.8,73.0,221130.0,88,8750000.0
153,7.9,62.0,81636.0,91,
154,7.5,65.0,110192.0,93,22490000.0
155,6.9,43.0,161928.0,129,39570000.0
156,7.5,62.0,130337.0,111,4270000.0
157,8.1,96.0,99604.0,129,60000.0
158,6.2,58.0,30678.0,80,8000000.0
159,7.4,71.0,231650.0,85,2400000.0
160,8.6,98.0,365610.0,207,270000.0
161,8.5,99.0,195367.0,87,20000.0
162,8.4,,236653.0,125,290000.0
163,8.4,90.0,211460.0,88,
164,8.3,98.0,344951.0,136,13280000.0
165,8.3,99.0,259653.0,103,8820000.0
166,8.2,93.0,130835.0,110,
167,8.2,98.0,132025.0,126,5010000.0
168,8.2,74.0,273558.0,132,15000000.0
169,8.1,,97801.0,78,1030000.0
170,8.1,88.0,114520.0,91,
171,8.1,,118245.0,95,5450000.0
172,8.2,85.0,66165.0,131,
173,8.1,87.0,111833.0,105,4360000.0
174,8.1,,69165.0,117,1090000.0
175,8.0,97.0,166167.0,100,2110000.0
176,8.1,86.0,130348.0,85,
177,8.1,96.0,65374.0,121,60000.0
178,8.1,90.0,252559.0,212,74700000.0
179,8.0,,66412.0,108,
180,7.9,,51194.0,88,4360000.0
181,7.9,88.0,140638.0,101,7630000.0
182,8.0,89.0,109870.0,85,9450000.0
183,8.0,97.0,96913.0,92,650000.0
184,7.3,61.0,230452.0,119,
185,7.6,83.0,112625.0,102,25000000.0
186,8.0,67.0,47681.0,181,80500000.0
187,8.0,93.0,52145.0,118,29130000.0
188,7.0,59.0,40593.0,117,18530000.0
189,6.5,59.0,113798.0,120,43820000.0
190,7.8,67.0,225965.0,100,4000000.0
191,7.4,97.0,97730.0,110,115000000.0
192,6.9,77.0,58067.0,129,36140000.0
193,7.0,61.0,27333.0,118,
194,8.0,58.0,138007.0,151,53270000.0
195,8.1,92.0,348380.0,130,
196,7.2,63.0,68825.0,128,70000.0
197,7.6,69.0,34621.0,138,38900000.0
198,6.9,58.0,39174.0,109,103290000.0
199,8.1,94.0,81981.0,123,
200,7.6,77.0,191533.0,115,
201,8.0,93.0,67829.0,141,12540000.0
202,7.3,87.0,126827.0,89,7000000.0
203,7.6,72.0,70052.0,113,
204,8.5,96.0,258495.0,87,160000.0
205,7.8,71.0,128093.0,127,5100000.0
206,7.4,90.0,182631.0,83,30860000.0
207,8.3,,167883.0,117,30000.0
208,8.3,98.0,184838.0,153,1240000.0
209,5.8,,65534.0,117,
210,8.3,,174520.0,89,330000.0
211,7.2,96.0,119118.0,112,3130000.0
212,8.2,,134277.0,68,5450000.0
213,7.9,65.0,231695.0,99,14500000.0
214,7.5,59.0,87998.0,121,35000000.0
215,7.6,75.0,34866.0,108,47740000.0
216,8.1,92.0,187943.0,127,16219999.999999998
217,7.8,80.0,50395.0,64,630000.0
218,8.4,94.0,235594.0,110,
219,7.8,77.0,154134.0,105,106260000.0
220,7.9,92.0,90579.0,100,10000000.0
221,7.6,96.0,214629.0,83,184930000.0
222,7.3,83.0,144836.0,115,24800000.0
223,7.8,76.0,47751.0,114,60000.0
224,6.8,53.0,60814.0,119,25000000.0
225,7.1,54.0,19377.0,131,37120000.0
226,7.5,68.0,40696.0,121,15280000.0
227,8.2,98.0,179684.0,88,100000.0
228,7.8,69.0,79553.0,135,31800000.0
229,7.6,63.0,62696.0,158,
230,8.0,84.0,58646.0,120,
231,7.1,76.0,156644.0,99,25240000.0
232,6.9,64.0,126697.0,130,63600000.0
233,7.9,91.0,97097.0,84,
234,8.3,92.0,87023.0,143,60000.0
235,6.7,61.0,99075.0,142,22800000.0
236,7.6,64.0,39270.0,91,
237,6.8,47.0,55054.0,92,31670000.0
238,7.3,56.0,66890.0,140,34970000.0
239,7.6,86.0,10894.0,101,
240,7.4,75.0,69490.0,115,24950000.0
241,5.8,51.0,84241.0,116,102920000.0
242,4.9,30.0,9520.0,116,31180000.0
243,7.5,87.0,36808.0,112,960000.0
244,6.9,66.0,27882.0,102,
245,6.4,50.0,96307.0,143,82260000.0
246,6.9,59.0,47573.0,118,41090000.0
247,7.0,66.0,70345.0,97,7920000.0
248,6.5,57.0,25078.0,127,12320000.0
249,7.0,56.0,23197.0,164,46500000.0
250,5.9,12.0,91517.0,104,78220000.0
251,6.5,52.0,83136.0,104,39250000.0
252,6.3,71.0,83153.0,111,62100000.0
253,8.3,65.0,,170,45600000.0
254,6.7,56.0,88282.0,97,40470000.0
255,7.3,67.0,153111.0,121,123920000.0
256,6.6,45.0,166973.0,101,38120000.0
257,7.5,68.0,52517.0,150,30040000.0
258,7.1,69.0,85999.0,161,87100000.0
259,6.6,46.0,97032.0,94,23830000.0
260,7.8,73.0,118455.0,109,2500000.0
261,7.1,81.0,85871.0,94,38750000.0
262,8.1,75.0,439627.0,89,52290000.0
263,8.1,92.0,437910.0,120,138530000.0
264,8.0,79.0,239845.0,191,52770000.0
265,6.9,51.0,207635.0,143,165500000.0
266,7.7,62.0,297136.0,114,61500000.0
267,6.0,45.0,60831.0,88,78660000.0
268,7.2,62.0,98745.0,140,35180000.0
269,8.1,85.0,144093.0,162,230000.0
270,8.5,80.0,281602.0,174,11990000.0
271,8.2,57.0,464271.0,109,13780000.0
272,6.6,42.0,91386.0,107,80040000.0
273,8.6,86.0,,118,130740000.00000001
274,8.6,75.0,,137,204840000.0
275,6.8,70.0,62796.0,113,124030000.0
276,7.6,68.0,275427.0,109,65209999.99999999
277,8.5,87.0,,116,210610000.0
278,7.4,66.0,201194.0,105,234760000.0
279,6.7,39.0,87589.0,137,77870000.0
280,7.0,60.0,74261.0,99,63710000.0
281,7.2,63.0,160397.0,97,32220000.0
282,8.1,84.0,,117,32869999.999999996
283,7.4,88.0,114312.0,116,177200000.0
284,6.9,67.0,96629.0,119,156650000.0
285,6.6,58.0,61575.0,108,46700000.0
286,7.3,59.0,200905.0,122,43220000.0
287,7.8,76.0,58898.0,141,34700000.0
288,7.6,89.0,171896.0,130,45360000.0
289,7.5,49.0,219701.0,97,71320000.0
290,6.8,75.0,99418.0,99,63500000.0
291,7.6,77.0,192751.0,96,12470000.0
292,6.9,50.0,499869.0,109,179800000.0
293,7.5,71.0,336688.0,92,73710000.0
294,7.2,86.0,59226.0,100,24740000.0
295,6.7,61.0,116216.0,85,69470000.0
296,7.0,61.0,125774.0,93,23690000.0
297,7.5,78.0,93941.0,126,38410000.0
298,8.4,87.0,426109.0,160,51970000.0
299,7.8,61.0,385026.0,103,70140000.0
300,7.8,57.0,,108,118500000.0
301,8.4,84.0,,137,85160000.0
302,7.8,65.0,110054.0,128,34600000.0
303,8.0,72.0,289252.0,181,184210000.0
304,8.3,58.0,,131,309130000.0
305,5.8,42.0,92863.0,117,45680000.0
306,7.6,70.0,281883.0,102,53420000.0
307,7.9,74.0,,105,56360000.0
308,7.8,66.0,434638.0,97,45880000.0
309,7.1,52.0,234965.0,127,217630000.0
310,7.0,65.0,254997.0,100,620000.0
311,7.7,83.0,216095.0,104,156450000.0
312,7.4,76.0,261288.0,91,25500000.0
313,6.6,49.0,89821.0,96,44790000.0
314,7.5,69.0,402807.0,126,251190000.0
315,7.6,60.0,422680.0,162,66670000.0
316,7.1,51.0,359906.0,119,178410000.0
317,8.7,92.0,,145,46840000.0
318,8.0,78.0,449652.0,98,30860000.0
319,7.7,68.0,128896.0,113,78910000.0
320,6.5,63.0,112624.0,131,67900000.0
321,7.4,55.0,479040.0,118,87730000.0
322,8.1,79.0,,128,95860000.0
323,7.9,79.0,76609.0,128,3330000.0
324,6.3,41.0,176776.0,137,30930000.0
325,7.8,79.0,329706.0,119,76270000.0
326,7.5,60.0,353060.0,113,119390000.0
327,7.8,47.0,452801.0,107,59740000.0
328,6.3,46.0,181695.0,108,30670000.0
329,7.5,80.0,153439.0,108,63490000.0
330,7.3,81.0,117226.0,99,106590000.0
331,7.8,71.0,444953.0,105,238630000.0
332,6.6,56.0,222636.0,108,112490000.0
333,7.6,74.0,74938.0,119,34700000.0
334,8.2,65.0,,127,197170000.0
335,7.3,70.0,188190.0,114,147250000.0
336,7.7,63.0,,103,285760000.0
337,7.1,51.0,107352.0,100,66760000.00000001
338,7.9,92.0,146961.0,82,4740000.0
339,7.7,62.0,133909.0,153,22240000.0
340,8.2,72.0,,132,83010000.0
341,7.1,67.0,382161.0,124,117540000.0
342,8.0,95.0,478330.0,84,218970000.0
343,7.7,75.0,214824.0,120,8550000.0
344,7.3,73.0,18293.0,99,2850000.0
345,7.1,46.0,205643.0,96,38120000.0
346,6.4,63.0,165708.0,93,130720000.0
347,7.8,91.0,65173.0,193,21500000.0
348,6.8,73.0,62168.0,113,64000000.0
349,7.3,79.0,178900.0,114,76610000.0
350,7.9,92.0,435984.0,115,435110000.0
351,7.9,84.0,210718.0,132,9930000.0
352,7.2,75.0,80573.0,120,8620000.0
353,7.0,47.0,58901.0,91,40900000.0
354,7.4,76.0,104199.0,112,68710000.0
355,7.2,75.0,115449.0,145,70000000.0
356,7.3,86.0,95590.0,100,20780000.0
357,8.0,72.0,169398.0,189,70410000.0
358,6.4,59.0,318212.0,114,55470000.0
359,8.3,78.0,,116,46360000.0
360,7.2,68.0,72697.0,90,20500000.0
361,7.6,72.0,159664.0,93,49530000.0
362,8.0,86.0,181729.0,117,500000.0
363,8.0,93.0,111921.0,120,27550000.0
364,7.2,83.0,67909.0,102,80640000.0
365,5.9,51.0,86691.0,93,140090000.0
366,7.7,72.0,181253.0,84,5920000.0
367,6.9,50.0,141211.0,90,40490000.0
368,6.9,57.0,179214.0,99,113500000.0
369,7.0,57.0,170160.0,94,121700000.0
370,6.7,41.0,136799.0,96,81200000.0
371,5.8,39.0,59007.0,87,55600000.0
372,5.4,33.0,48487.0,83,43580000.0
373,7.7,64.0,82979.0,130,82420000.0
374,7.1,69.0,56707.0,126,8080000.0
375,7.8,76.0,153871.0,112,57500000.0
376,7.3,73.0,239181.0,104,114970000.0
377,8.3,75.0,376257.0,229,5320000.0
378,6.3,30.0,72169.0,94,15500000.0
379,6.1,57.0,50760.0,93,21200000.0
380,7.1,62.0,78262.0,106,24920000.0
381,7.7,76.0,241418.0,95,92820000.0
382,6.9,56.0,88531.0,102,59850000.0
383,7.8,75.0,234376.0,107,61280000.0
384,8.1,84.0,,107,38400000.0
385,6.7,59.0,105520.0,130,51190000.0
386,7.5,57.0,127493.0,107,64430000.00000001
387,7.0,46.0,28776.0,123,57040000.0
388,7.5,62.0,191943.0,140,54460000.0
389,7.5,69.0,165134.0,116,90400000.0
390,6.7,51.0,174164.0,90,35100000.0
391,7.0,75.0,62022.0,124,129800000.00000001
392,7.4,79.0,65210.0,132,108420000.0
393,7.2,61.0,95469.0,113,17190000.0
394,7.5,58.0,213865.0,135,122010000.0
395,7.6,76.0,183906.0,85,78760000.0
396,7.4,62.0,117476.0,113,26120000.0
397,7.3,46.0,156243.0,102,20160000.0
398,6.8,44.0,58140.0,103,46910000.0
399,6.9,63.0,102840.0,106,76570000.0
400,6.1,53.0,62221.0,106,75970000.0
401,7.1,43.0,218117.0,127,117730000.0
402,6.9,56.0,139873.0,94,14560000.0
403,6.7,58.0,111726.0,133,34670000.0
404,6.8,69.0,37828.0,114,8800000.0
405,6.3,40.0,104537.0,131,50330000.0
406,6.9,65.0,36314.0,108,54220000.0
407,7.0,24.0,146860.0,116,5900000.0
408,7.3,56.0,164694.0,126,43850000.0
409,7.2,52.0,100562.0,125,14560000.0
410,7.0,45.0,96943.0,91,25600000.0
411,7.3,60.0,243566.0,126,90820000.0
412,6.1,55.0,98516.0,113,115100000.0
413,7.1,77.0,110249.0,114,79570000.0
414,6.6,50.0,66111.0,98,40700000.0
415,7.7,61.0,274205.0,93,47210000.0
416,8.1,100.0,67330.0,188,4970000.0
417,8.1,81.0,117738.0,145,2180000.0
418,6.8,57.0,210459.0,99,125050000.0
419,6.9,40.0,225610.0,91,127870000.0
420,5.4,55.0,150147.0,104,40950000.0
421,6.5,47.0,181821.0,96,150420000.0
422,5.8,40.0,59102.0,93,16059999.999999998
423,5.0,24.0,34061.0,86,10170000.0
424,6.4,50.0,32712.0,122,43860000.0
425,6.4,44.0,41015.0,101,29500000.0
426,8.0,65.0,,133,178800000.0
427,6.8,52.0,272416.0,142,119650000.0
428,7.1,67.0,78634.0,113,8400000.0
429,7.3,73.0,215680.0,128,79100000.0
430,7.5,57.0,,118,179870000.0
431,7.1,47.0,222715.0,117,128150000.0
432,7.8,74.0,157886.0,121,52100000.0
433,6.2,71.0,146959.0,107,36200000.0
434,8.0,68.0,204178.0,124,550000.0
435,7.6,81.0,200979.0,96,40460000.0
436,7.8,78.0,143904.0,122,26830000.0
437,7.3,56.0,62727.0,117,83760000.0
438,6.8,57.0,92092.0,110,21200000.0
439,7.3,65.0,76197.0,117,5020000.0
440,6.6,49.0,68089.0,140,58880000.0
441,7.6,88.0,289895.0,83,111540000.0
442,7.8,97.0,79503.0,103,14740000.0
443,7.1,61.0,41170.0,105,56200000.0
444,8.0,47.0,85130.0,95,22240000.0
445,4.5,52.0,38423.0,115,15170000.0
446,6.2,39.0,59238.0,95,94900000.0
447,7.3,69.0,149711.0,94,22850000.0
448,6.5,67.0,75546.0,109,53210000.0
449,7.6,69.0,128607.0,116,6150000.0
450,6.5,51.0,107946.0,100,139610000.0
451,7.7,78.0,96890.0,154,98470000.0
452,7.1,73.0,59091.0,108,50890000.0
453,7.2,72.0,115172.0,103,1110000.0
454,7.3,73.0,38532.0,171,10010000.0
455,7.3,55.0,119737.0,98,61400000.0
456,7.3,77.0,22251.0,103,13990000.0
457,3.7,24.0,52541.0,90,15680000.0
458,5.0,44.0,74538.0,125,59950000.0
459,7.4,55.0,65450.0,125,17220000.0
460,7.7,76.0,111085.0,163,43980000.0
461,7.0,77.0,61510.0,104,6400000.0
462,6.1,60.0,96070.0,107,82670000.0
463,8.0,78.0,181444.0,125,
464,7.5,67.0,90630.0,137,41900000.0
465,6.8,50.0,67694.0,107,45660000.0
466,7.6,68.0,139691.0,120,52930000.0
467,6.8,70.0,43542.0,96,7830000.0
468,6.2,61.0,161880.0,111,91460000.0
469,6.2,68.0,65550.0,105,103740000.0
470,5.7,,76238.0,87,57110000.0
471,7.3,50.0,149016.0,101,12730000.0
472,7.9,77.0,168430.0,93,20610000.0
473,7.1,61.0,115280.0,90,27090000.0
474,6.8,51.0,104440.0,93,135270000.0
475,6.4,49.0,33469.0,90,13990000.0
476,6.5,63.0,64609.0,85,8270000.0
477,6.2,54.0,19281.0,93,16320000.0
478,6.2,41.0,39616.0,108,24080000.0
479,6.8,78.0,54467.0,91,10360000.0
480,6.7,56.0,35700.0,110,35420000.0
481,6.5,55.0,93068.0,115,61490000.0
482,6.5,63.0,22474.0,115,27730000.0
483,5.8,33.0,30417.0,113,31050000.0
484,7.2,53.0,153166.0,99,11100000.0
485,6.1,68.0,72909.0,134,55500000.0
486,6.4,33.0,60626.0,97,14700000.0
487,6.4,22.0,52821.0,102,60090000.0
488,7.2,69.0,76952.0,103,20770000.0
489,7.2,83.0,47658.0,117,20970000.0
490,6.7,36.0,91904.0,114,30050000.0
491,6.7,58.0,128904.0,96,33000000.0
492,7.2,47.0,129540.0,126,57270000.0
493,7.2,41.0,108695.0,94,14640000.0
494,6.6,44.0,58203.0,90,40900000.0
495,6.8,45.0,83070.0,102,36600000.0
496,7.2,62.0,75934.0,107,49800000.0
497,7.2,64.0,49094.0,133,33200000.000000004
498,7.2,65.0,149591.0,96,16670000.000000002
499,7.4,66.0,98163.0,69,48090000.0
500,6.9,67.0,83314.0,91,560000.0
501,6.9,71.0,244507.0,97,56630000.0
502,8.3,76.0,,170,67440000.0
503,5.4,54.0,265851.0,121,184030000.0
504,7.2,59.0,468782.0,110,180980000.0
505,8.0,72.0,,101,70910000.0
506,9.3,82.0,,142,28340000.0
507,7.5,62.0,292202.0,150,100920000.0
508,7.3,78.0,390316.0,116,121250000.0
509,7.5,82.0,134109.0,111,32030000.0
510,7.7,78.0,314371.0,140,173840000.0
511,7.9,75.0,,194,659330000.0
512,8.1,88.0,,98,24610000.0
513,9.0,95.0,,195,96900000.0
514,7.6,52.0,504100.0,126,63540000.0
515,8.5,64.0,,110,19500000.0
516,8.5,88.0,,88,422780000.0
517,7.6,58.0,407136.0,128,100010000.0
518,7.3,82.0,399629.0,138,112230000.0
519,8.2,91.0,,138,64620000.00000001
520,7.7,47.0,245653.0,129,56120000.0
521,8.2,73.0,,178,42440000.0
522,7.1,61.0,135492.0,94,58410000.0
523,6.8,72.0,190198.0,105,126530000.0
524,7.0,62.0,118662.0,127,101630000.0
525,7.0,42.0,204367.0,116,71570000.0
526,7.6,70.0,131761.0,111,92000000.0
527,7.7,84.0,125133.0,136,43180000.0
528,7.1,81.0,165418.0,117,52700000.0
529,8.3,96.0,,81,191800000.0
530,8.3,71.0,,126,138430000.0
531,6.7,39.0,17316.0,112,5630000.0
532,7.7,64.0,322207.0,106,12340000.0
533,7.2,63.0,41632.0,106,15190000.0
534,7.8,87.0,317223.0,130,183880000.0
535,8.5,76.0,,106,23340000.0
536,7.8,80.0,160015.0,121,17270000.0
537,7.3,63.0,279646.0,141,146280000.0
538,7.2,65.0,269619.0,130,106600000.0
539,6.5,59.0,139517.0,113,84050000.0
540,7.4,66.0,386718.0,111,103050000.0
541,8.6,65.0,,127,100130000.0
542,6.9,59.0,418296.0,101,119940000.0
543,6.2,56.0,118049.0,115,101300000.0
544,8.1,,195120.0,98,310000.0
545,7.7,63.0,427486.0,129,48320000.0
546,6.4,52.0,242640.0,106,37770000.0
547,7.8,82.0,71377.0,159,4040000.0
548,7.4,86.0,199490.0,162,78650000.0
549,6.9,46.0,401214.0,120,173590000.0
550,6.2,62.0,262454.0,109,47750000.0
551,6.3,49.0,59159.0,123,22010000.0
552,7.6,,31204.0,271,10770000.0
553,6.5,68.0,212423.0,113,241720000.0
554,8.2,68.0,,127,402450000.0
555,7.1,56.0,64182.0,128,36730000.0
556,6.3,51.0,154766.0,105,127120000.0
557,7.3,77.0,286023.0,139,153950000.0
558,7.2,54.0,124028.0,91,27470000.0
559,7.5,89.0,94836.0,121,40160000.0
560,7.7,73.0,101719.0,202,48170000.0
561,7.5,45.0,182080.0,133,66640000.0
562,8.0,57.0,327228.0,156,63900000.0
563,6.5,52.0,204232.0,119,125330000.0
564,7.8,86.0,83943.0,134,22950000.0
565,6.9,83.0,133697.0,91,66599999.99999999
566,7.0,31.0,246530.0,92,38620000.0
567,4.8,17.0,30322.0,92,8560000.0
568,8.8,82.0,,142,330250000.0
569,7.2,,11871.0,60,
570,7.2,74.0,250971.0,119,50280000.0
571,6.6,64.0,137387.0,127,67820000.0
572,6.5,44.0,163122.0,130,50020000.0
573,6.5,59.0,442497.0,129,229090000.0
574,6.7,60.0,243939.0,120,46350000.0
575,7.8,55.0,101863.0,101,32420000.0
576,6.1,,42925.0,106,45610000.0
577,7.5,60.0,400364.0,144,60980000.0
578,7.2,72.0,82595.0,135,45860000.0
579,7.5,53.0,180913.0,149,108770000.0
580,8.9,95.0,,154,107930000.0
581,6.4,39.0,147085.0,129,121950000.0
582,6.4,53.0,66084.0,100,2040000.0
583,7.9,82.0,374050.0,76,75080000.0
584,7.7,70.0,231881.0,92,3150000.0
585,7.7,62.0,286172.0,138,141340000.0
586,8.1,83.0,,93,16500000.0
587,6.2,46.0,74580.0,105,7560000.0
588,6.9,37.0,323873.0,86,72220000.0
589,6.3,45.0,55934.0,82,52130000.0
590,7.6,82.0,198504.0,103,7990000.0
591,8.3,68.0,,178,75600000.0
592,5.3,40.0,29883.0,95,38190000.0
593,7.0,74.0,171039.0,91,100140000.0
594,8.0,86.0,464026.0,90,217350000.0
595,7.1,68.0,326317.0,126,162830000.0
596,6.7,34.0,192476.0,115,58060000.0
597,7.0,59.0,,145,306170000.0
598,7.6,53.0,152619.0,134,3800000.0
599,7.3,45.0,104710.0,134,4160000.0
600,7.0,51.0,256317.0,94,53880000.0
601,6.6,56.0,130606.0,104,58420000.0
602,6.9,52.0,318138.0,115,101120000.0
603,5.6,,124611.0,96,34690000.0
604,7.1,55.0,155359.0,136,37960000.0
605,7.1,65.0,62347.0,126,51430000.0
606,7.3,41.0,410329.0,107,127180000.0
607,7.3,72.0,,98,250690000.0
608,7.7,77.0,331075.0,127,41910000.0
609,6.2,54.0,24309.0,90,46580000.0
610,6.8,61.0,109078.0,94,48920000.0
611,4.1,34.0,75109.0,102,33420000.0
612,6.8,64.0,120038.0,117,83290000.0
613,7.4,58.0,357047.0,136,134070000.0
614,7.5,80.0,101468.0,122,39390000.0
615,6.4,55.0,107182.0,101,24880000.0
616,6.1,29.0,78056.0,177,17630000.0
617,7.5,76.0,64227.0,97,27900000.0
618,6.6,35.0,196411.0,96,26670000.0
619,7.7,73.0,253200.0,118,9170000.0
620,5.2,34.0,72115.0,96,54970000.0
621,7.4,62.0,48117.0,132,24360000.0
622,7.8,71.0,183600.0,127,5890000.0
623,8.0,85.0,98573.0,135,24480000.0
624,7.1,54.0,289728.0,125,219200000.0
625,7.1,39.0,375216.0,104,100480000.0
626,7.6,56.0,205840.0,113,40900000.0
627,7.3,52.0,319547.0,129,54810000.0
628,7.2,68.0,65203.0,123,43440000.0
629,6.5,62.0,209425.0,124,172960000.0
630,5.8,52.0,157674.0,101,72590000.0
631,7.1,74.0,88266.0,97,43020000.0
632,7.5,49.0,236948.0,147,49100000.0
633,6.0,43.0,97903.0,108,67130000.0
634,7.9,66.0,231663.0,144,36950000.0
635,7.5,62.0,346043.0,123,105260000.0
636,5.8,60.0,124339.0,101,70450000.0
637,3.6,11.0,57995.0,95,35930000.0
638,5.7,64.0,123384.0,95,128810000.0
639,6.9,58.0,147193.0,154,158350000.0
640,8.0,75.0,,129,57140000.0
641,8.2,85.0,434704.0,130,101160000.0
642,6.8,41.0,284941.0,119,65810000.0
643,5.7,50.0,117231.0,103,136190000.0
644,8.1,78.0,337754.0,101,5540000.0
645,6.9,70.0,332117.0,86,181410000.0
646,7.9,86.0,281205.0,155,26400000.0
647,7.0,71.0,73359.0,108,25810000.0
648,4.8,40.0,36336.0,96,42660000.0
649,6.4,64.0,63872.0,112,18090000.0
650,8.1,86.0,377795.0,86,1110000.0
651,7.4,,18922.0,161,2020000.0
652,6.8,67.0,113563.0,103,81060000.0
653,5.5,52.0,49983.0,100,50020000.0
654,5.0,38.0,86118.0,91,130509999.99999999
655,4.5,37.0,47944.0,115,33110000.0
656,7.7,,39925.0,242,4410000.0
657,7.3,80.0,51769.0,111,22550000.0
658,5.8,31.0,63641.0,113,58620000.0
659,8.1,84.0,186415.0,133,25010000.0
660,6.0,62.0,86744.0,125,48170000.0
661,6.3,56.0,209123.0,135,88250000.0
662,6.7,59.0,202210.0,81,141600000.0
663,5.9,49.0,84983.0,108,60070000.0
664,5.9,20.0,53031.0,93,36430000.0
665,6.7,52.0,59880.0,121,50010000.0
666,8.5,94.0,308379.0,89,
667,7.7,76.0,186820.0,112,75510000.0
668,7.5,71.0,200847.0,102,50690000.0
669,7.7,66.0,257281.0,125,77320000.0
670,6.6,,17034.0,96,16040000.0
671,6.8,67.0,31484.0,127,35420000.0
672,6.8,50.0,32322.0,102,27400000.0
673,7.9,47.0,33882.0,180,4500000.0
674,6.5,46.0,56894.0,99,84920000.0
675,6.2,49.0,146460.0,100,100330000.0
676,7.3,74.0,253895.0,93,99050000.0
677,5.7,49.0,64729.0,94,51270000.0
678,7.1,55.0,197081.0,104,25630000.0
679,8.1,79.0,61099.0,170,170000.0
680,7.0,41.0,128612.0,94,2120000.0
681,7.2,71.0,143516.0,113,12020000.0
682,4.6,,126964.0,102,30880000.0
683,6.4,43.0,232745.0,90,108390000.0
684,7.3,74.0,44288.0,101,31180000.0
685,6.7,,110812.0,98,4300000.0
686,7.6,69.0,88549.0,135,71520000.0
687,6.4,49.0,101547.0,103,51370000.0
688,7.3,69.0,120477.0,128,107530000.0
689,7.7,84.0,115673.0,100,10730000.0
690,7.5,71.0,68809.0,114,22750000.0
691,6.7,65.0,73397.0,119,92120000.0
692,6.9,72.0,107568.0,141,122190000.0
693,7.3,87.0,63362.0,115,50080000.0
694,5.1,23.0,74278.0,128,20300000.0
695,6.8,75.0,40068.0,124,7340000.0
696,6.9,,50984.0,84,41830000.0
697,7.1,57.0,61892.0,98,23200000.0
698,6.6,46.0,80880.0,115,60530000.0
699,7.3,64.0,82516.0,155,44180000.0
700,4.9,37.0,111597.0,89,65890000.0
701,7.2,90.0,67440.0,139,32200000.000000004
702,7.9,76.0,156126.0,83,520000.0
703,7.4,57.0,237441.0,128,82520000.0
704,7.3,46.0,120618.0,102,2420000.0
705,8.1,100.0,109643.0,99,4040000.0
706,6.9,43.0,90713.0,114,24940000.0
707,7.3,86.0,22445.0,110,39490000.0
708,6.7,47.0,54688.0,191,25050000.0
709,7.5,70.0,54734.0,104,11220000.0
710,7.3,86.0,67245.0,99,3050000.0
711,6.0,63.0,18882.0,111,44340000.0
712,6.4,,30735.0,107,19290000.0
713,3.8,29.0,267415.0,125,107330000.0
714,6.5,57.0,212620.0,88,90460000.0
715,6.1,56.0,177535.0,96,60240000.0
716,7.8,50.0,165328.0,130,56510000.0
717,7.3,80.0,23966.0,129,7290000.0
718,6.7,49.0,57914.0,117,2400000.0
719,7.2,66.0,78147.0,145,7920000.0
720,5.6,36.0,75998.0,103,19080000.0
721,7.4,59.0,193743.0,81,11500000.0
722,7.2,71.0,87885.0,96,4510000.0
723,7.5,47.0,61997.0,143,9490000.0
724,7.2,48.0,339153.0,108,25750000.0
725,7.0,60.0,113353.0,98,68860000.0
726,6.1,61.0,104950.0,108,70770000.0
727,7.3,64.0,60449.0,109,3800000.0
728,6.6,19.0,38079.0,89,20000.0
729,6.7,50.0,106906.0,135,75980000.0
730,6.7,44.0,136256.0,104,35740000.0
731,6.3,62.0,208838.0,120,101360000.0
732,5.4,49.0,57835.0,88,21270000.0
733,7.1,46.0,96754.0,97,32700000.000000004
734,6.3,16.0,155883.0,89,25590000.0
735,3.9,24.0,85775.0,121,48610000.0
736,7.2,74.0,113201.0,128,102310000.0
737,5.5,53.0,84124.0,92,105260000.0
738,6.5,53.0,61235.0,89,20110000.0
739,7.5,73.0,47095.0,115,5100000.0
740,6.8,46.0,65803.0,110,38620000.0
741,7.2,75.0,113805.0,91,45950000.0
742,6.9,76.0,56700.0,110,63270000.0
743,6.6,56.0,41352.0,155,25080000.0
744,6.7,78.0,73801.0,79,28930000.0
745,6.3,56.0,44308.0,127,53670000.0
746,5.7,48.0,49278.0,86,16620000.000000002
747,7.2,71.0,99978.0,117,124060000.0
748,6.6,,32501.0,111,30860000.0
749,6.0,45.0,77788.0,117,106610000.0
750,7.1,46.0,145176.0,100,81530000.0
751,7.7,85.0,37269.0,95,3030000.0
752,6.4,,75079.0,81,
753,6.8,57.0,292235.0,131,165090000.0
754,8.2,64.0,,107,293510000.0
755,7.2,65.0,322235.0,146,78620000.0
756,8.0,88.0,,113,1480000.0
757,8.7,73.0,,136,171480000.0
758,5.8,24.0,138070.0,112,73210000.0
759,8.1,71.0,,117,17500000.0
760,8.6,61.0,,189,136800000.0
761,8.6,91.0,,169,216540000.0
762,7.7,79.0,206505.0,81,7270000.0
763,8.3,71.0,,102,3640000.0
764,6.5,51.0,,136,474540000.0
765,7.9,84.0,,90,267670000.00000003
766,6.6,59.0,248113.0,95,206040000.0
767,6.8,58.0,417833.0,106,144530000.0
768,8.5,67.0,,155,187710000.0
769,6.8,66.0,262480.0,97,71540000.0
770,6.7,39.0,278195.0,98,53330000.0
771,5.4,32.0,202593.0,139,136310000.0
772,8.0,78.0,327550.0,188,22460000.0
773,8.1,83.0,252229.0,154,5380000.0
774,7.5,71.0,136009.0,124,40570000.0
775,6.0,61.0,148360.0,84,140040000.0
776,8.4,83.0,,113,25540000.0
777,7.2,68.0,340747.0,124,116090000.0
778,7.6,78.0,198971.0,170,36400000.0
779,5.3,29.0,174453.0,83,71310000.0
780,7.0,73.0,354196.0,108,166240000.0
781,6.7,47.0,128825.0,98,57260000.0
782,7.3,51.0,210246.0,127,28870000.0
783,5.9,54.0,142232.0,105,73650000.0
784,7.3,67.0,258222.0,132,111550000.0
785,6.4,64.0,79272.0,103,70120000.0
786,7.3,70.0,382511.0,97,38180000.0
787,6.9,54.0,22675.0,115,32659999.999999996
788,8.2,90.0,,103,125620000.0
789,7.5,52.0,274384.0,124,52990000.0
790,6.8,63.0,54584.0,108,63840000.0
791,7.3,64.0,,104,157300000.0
792,7.0,49.0,252426.0,109,39240000.0
793,6.2,40.0,189791.0,120,140460000.0
794,7.2,40.0,123692.0,123,33520000.000000004
795,7.6,87.0,197479.0,93,17110000.0
796,6.7,42.0,449509.0,151,201570000.0
797,6.1,59.0,376497.0,123,215410000.0
798,7.5,41.0,300668.0,118,10680000.0
799,6.6,63.0,154007.0,128,66310000.0
800,7.1,69.0,327981.0,119,176480000.0
801,5.6,52.0,195762.0,98,125310000.0
802,6.5,49.0,178288.0,132,56970000.0
803,7.3,65.0,382826.0,105,101070000.0
804,7.1,87.0,233856.0,123,100320000.0
805,7.5,53.0,276883.0,131,51400000.0
806,7.1,48.0,459112.0,124,155250000.0
807,6.4,48.0,344804.0,130,202020000.0
808,7.5,69.0,373394.0,159,55690000.0
809,5.9,42.0,339924.0,92,181170000.0
810,6.7,44.0,196859.0,133,18660000.0
811,7.6,64.0,,102,15070000.0
812,6.8,67.0,16697.0,97,18540000.0
813,6.3,54.0,123665.0,113,87700000.0
814,7.4,75.0,104565.0,126,57550000.0
815,7.3,64.0,201445.0,121,71510000.0
816,7.7,72.0,314902.0,87,120620000.0
817,6.4,49.0,83969.0,106,32130000.000000004
818,7.2,43.0,263692.0,178,44620000.0
819,7.2,74.0,74935.0,102,16840000.0
820,7.7,67.0,317400.0,139,148480000.0
821,6.7,58.0,228704.0,119,115820000.0
822,7.3,62.0,154421.0,140,44480000.0
823,6.5,73.0,163645.0,83,90760000.0
824,4.9,40.0,166985.0,106,113810000.0
825,7.1,82.0,180077.0,114,60650000.0
826,6.1,41.0,177603.0,90,161490000.0
827,7.6,66.0,211543.0,100,14380000.0
828,6.7,45.0,184202.0,118,66519999.99999999
829,7.8,85.0,179706.0,157,28970000.0
830,7.4,70.0,177324.0,102,71580000.0
831,7.9,88.0,,92,245850000.0
832,7.4,79.0,189229.0,113,27290000.0
833,6.9,52.0,125675.0,162,75530000.0
834,7.5,62.0,373284.0,154,39670000.0
835,6.6,49.0,250619.0,116,90570000.0
836,7.1,47.0,297557.0,120,70090000.0
837,6.5,35.0,293753.0,118,101650000.0
838,6.5,59.0,246369.0,96,96520000.0
839,7.0,58.0,432262.0,95,102560000.0
840,6.4,43.0,269464.0,108,145100000.0
841,7.0,84.0,98804.0,123,37560000.0
842,7.9,63.0,116459.0,140,4179999.9999999995
843,7.3,62.0,439585.0,106,95010000.0
844,5.7,34.0,76367.0,114,60880000.0
845,6.9,51.0,106974.0,89,50860000.0
846,7.1,61.0,246958.0,90,500000.0
847,7.9,90.0,292409.0,122,32530000.0
848,8.3,76.0,431352.0,134,2380000.0
849,7.6,66.0,298546.0,127,57390000.0
850,7.6,68.0,286587.0,89,10820000.0
851,7.2,64.0,145462.0,99,101220000.0
852,7.1,88.0,211681.0,84,106830000.0
853,7.2,67.0,194402.0,122,41620000.0
854,6.1,52.0,105108.0,98,68380000.0
855,6.8,51.0,160768.0,104,30090000.0
856,7.3,62.0,228071.0,130,30650000.0
857,6.4,57.0,209559.0,128,126940000.0
858,6.4,47.0,221620.0,127,182810000.0
859,7.0,71.0,25754.0,112,4760000.0
860,6.0,60.0,97292.0,107,55470000.0
861,7.7,85.0,66776.0,99,2890000.0
862,7.7,,73071.0,119,370000.0
863,8.8,67.0,,139,37030000.0
864,7.0,60.0,109956.0,121,83900000.0
865,6.0,50.0,80634.0,99,70330000.0
866,8.2,55.0,,104,30330000.0
867,8.1,65.0,,107,3900000.0
868,6.5,80.0,284055.0,81,140540000.0
869,6.8,42.0,119086.0,125,75790000.0
870,6.1,40.0,135894.0,101,38350000.0
871,6.1,49.0,111929.0,93,37880000.0
872,6.7,60.0,161342.0,103,106890000.0
873,7.8,48.0,231182.0,113,115650000.0
874,5.8,33.0,218506.0,100,131139999.99999999
875,6.3,,105400.0,108,54680000.0
876,7.4,70.0,224302.0,78,89300000.0
877,5.7,50.0,228277.0,120,180010000.0
878,7.8,74.0,,143,233630000.0
879,7.4,73.0,220045.0,131,125600000.0
880,6.2,53.0,65822.0,112,91060000.0
881,7.2,77.0,168499.0,97,4860000.0
882,7.9,94.0,281054.0,120,128080000.00000001
883,6.5,41.0,95523.0,105,116740000.0
884,6.5,55.0,177739.0,93,68540000.0
885,5.8,34.0,116462.0,122,66890000.0
886,5.2,43.0,74752.0,130,69120000.0
887,7.2,56.0,124843.0,129,48820000.0
888,6.8,71.0,133780.0,124,71070000.0
889,7.7,90.0,352552.0,113,22860000.0
890,6.3,47.0,92721.0,104,46680000.0
891,6.4,52.0,162686.0,115,108250000.0
892,7.4,67.0,115392.0,118,45010000.0
893,7.3,53.0,159787.0,121,22910000.0
894,5.9,51.0,103457.0,95,63370000.0
895,6.5,73.0,85936.0,130,90460000.0
896,7.0,61.0,293304.0,98,141150000.0
897,6.9,52.0,133406.0,95,84050000.0
898,6.3,43.0,229316.0,109,106810000.0
899,7.5,86.0,103063.0,118,11530000.0
900,6.8,56.0,204399.0,97,38770000.0
901,6.2,44.0,350869.0,183,198540000.0
902,5.5,30.0,145439.0,83,46730000.0
903,7.7,73.0,214480.0,81,52040000.0
904,6.1,48.0,37984.0,94,580000.0
905,6.5,38.0,66195.0,103,6940000.0
906,7.6,86.0,219277.0,147,124120000.0
907,7.2,63.0,292598.0,165,113330000.0
908,8.1,85.0,225933.0,86,23160000.0
909,7.3,83.0,104168.0,103,14880000.0
910,7.0,63.0,56325.0,120,16940000.0
911,7.6,74.0,391872.0,101,96520000.0
912,7.4,76.0,237194.0,139,81300000.0
913,7.7,44.0,249932.0,108,30000.0
914,7.2,78.0,313419.0,95,162800000.0
915,6.3,46.0,88522.0,93,68520000.0
916,8.3,84.0,,122,130100000.0
917,6.7,27.0,94420.0,119,25290000.0
918,8.0,,50358.0,137,
919,8.6,58.0,,116,57600000.0
920,8.1,,75621.0,183,300000.0
921,8.1,84.0,120404.0,224,910000.0
922,8.0,73.0,56255.0,127,350000.0
923,8.0,58.0,68922.0,169,260000.0
924,8.1,87.0,166062.0,98,2730000.0
925,6.8,62.0,197123.0,136,94100000.0
926,6.3,48.0,285369.0,88,157020000.0
927,6.1,43.0,113407.0,123,66810000.0
928,6.8,72.0,99957.0,113,69300000.0
929,7.3,80.0,246071.0,88,171090000.0
930,6.5,32.0,195865.0,99,69770000.0
931,7.7,69.0,329780.0,107,45510000.0
932,6.8,26.0,121914.0,115,135030000.0
933,6.5,59.0,177448.0,130,182620000.0
934,7.5,81.0,193861.0,114,
935,7.8,85.0,164292.0,103,
936,6.6,42.0,131701.0,102,32700000.000000004
937,7.2,72.0,24163.0,124,27440000.0
938,7.7,74.0,142228.0,110,22000000.0
939,6.6,43.0,252961.0,119,39790000.0
940,8.1,,72112.0,128,
941,7.1,66.0,81488.0,121,65709999.99999999
942,6.7,54.0,127450.0,114,78690000.0
943,6.9,64.0,51281.0,136,21550000.0
944,6.9,42.0,124337.0,132,58220000.0
945,7.5,60.0,101270.0,69,50000.0
946,6.9,,50089.0,120,
947,7.8,71.0,97590.0,108,32479999.999999996
948,7.0,48.0,112616.0,100,18490000.0
949,7.2,74.0,66481.0,107,19390000.0
950,6.8,58.0,74317.0,125,91140000.0
951,6.4,42.0,95592.0,104,74080000.0
952,7.2,,25205.0,95,
953,6.8,46.0,66195.0,137,1400000.0
954,7.3,72.0,186099.0,84,3220000.0
955,6.0,33.0,59628.0,116,16250000.0
956,7.0,56.0,200968.0,132,56570000.0
957,6.6,62.0,87190.0,116,77090000.0
958,6.6,51.0,130033.0,108,29750000.0
959,6.1,66.0,70488.0,121,29760000.0
960,5.8,68.0,35373.0,97,18320000.0
961,7.4,58.0,137177.0,118,34580000.0
962,5.7,30.0,79720.0,88,65540000.00000001
963,6.7,65.0,43421.0,169,75380000.0
964,7.0,44.0,114115.0,113,55490000.0
965,3.8,12.0,45358.0,89,23320000.0
966,7.0,,92057.0,124,25190000.0
967,6.4,54.0,69540.0,158,14280000.0
968,7.3,79.0,68579.0,89,6950000.0
969,6.6,77.0,134894.0,110,56940000.0
970,6.6,39.0,171845.0,127,130440000.0
971,6.9,60.0,161792.0,97,80250000.0
972,5.4,38.0,57333.0,109,10670000.0
973,6.7,62.0,74570.0,112,12010000.0
974,5.6,56.0,163437.0,116,89140000.0
975,5.9,33.0,34489.0,93,16570000.0
976,5.6,71.0,126869.0,88,112720000.0
977,6.5,52.0,122748.0,112,56620000.0
978,2.5,9.0,82944.0,117,21470000.0
979,5.7,27.0,120619.0,100,60790000.0
980,6.7,28.0,40581.0,97,10560000.0
981,5.3,33.0,86294.0,103,60400000.0
982,6.4,40.0,108798.0,107,61330000.0
983,6.6,21.0,142298.0,123,36660000.0
984,6.6,51.0,135334.0,130,155460000.0
985,5.9,51.0,83137.0,102,74330000.0
986,4.7,21.0,78500.0,100,40000000.0
987,6.3,57.0,38623.0,95,13600000.0
988,6.4,56.0,66936.0,82,137750000.0
989,6.4,42.0,233267.0,93,163480000.0
990,6.3,46.0,290728.0,104,260040000.00000003
991,6.7,50.0,71303.0,112,26490000.0
992,5.0,42.0,80326.0,113,91410000.0
993,5.3,38.0,112208.0,90,39460000.0
994,6.7,47.0,59315.0,126,30700000.0
995,6.0,43.0,30061.0,114,60050000.0
996,6.8,55.0,56782.0,111,26330000.0
997,6.2,40.0,40252.0,126,52880000.0
998,6.5,50.0,48880.0,106,52890000.0
999,7.6,,24566.0,96,
1000,7.2,47.0,248470.0,127,370780000.0
1001,7.0,71.0,99672.0,117,67410000.0
1002,7.1,73.0,37564.0,94,2220000.0
1003,6.9,38.0,43870.0,109,52330000.0
1004,7.0,54.0,242817.0,88,75590000.0
1005,6.7,47.0,238826.0,109,14590000.0
1006,6.9,45.0,284896.0,136,100610000.0
1007,8.1,79.0,,92,289920000.0
1008,7.7,91.0,486569.0,102,44590000.0
1009,7.7,74.0,,116,183420000.0
1010,8.3,89.0,,108,34400000.0
1011,7.8,55.0,469183.0,154,111110000.0
1012,7.4,73.0,,121,403710000.0
1013,7.6,55.0,,135,59700000.0
1014,7.1,75.0,191368.0,101,41390000.0
1015,7.8,68.0,,119,121660000.0
1016,7.7,59.0,95991.0,120,140000.0
1017,8.1,63.0,,143,305410000.0
1018,8.9,92.0,,178,315540000.0
1019,9.0,94.0,,201,377850000.0
1020,8.2,72.0,,135,170740000.0
1021,7.6,80.0,,145,132070000.0
1022,7.1,56.0,284950.0,81,46570000.0
1023,6.6,54.0,,142,310680000.0
1024,6.6,38.0,241199.0,119,57760000.0
1025,7.9,82.0,,142,249360000.0
1026,7.4,63.0,,161,261990000.0
1027,7.6,65.0,,152,317580000.0
1028,6.2,38.0,181204.0,90,46960000.0
1029,7.1,30.0,143262.0,116,71760000.0
1030,6.5,47.0,474628.0,124,186740000.0
1031,7.2,81.0,242689.0,113,170690000.0
1032,7.4,55.0,493561.0,128,77870000.0
1033,8.2,69.0,,111,70100000.0
1034,7.7,89.0,128612.0,106,13620000.0
1035,6.1,56.0,228705.0,133,160940000.0
1036,7.5,73.0,443340.0,113,45060000.0
1037,7.9,85.0,187349.0,120,53710000.0
1038,5.7,37.0,126926.0,97,82620000.0
1039,7.4,68.0,,134,214950000.0
1040,7.5,81.0,237118.0,138,93930000.0
1041,6.7,47.0,,129,139310000.0
1042,7.2,62.0,,138,281490000.0
1043,5.8,41.0,162209.0,109,70830000.0
1044,6.9,43.0,85048.0,131,18210000.0
1045,8.0,61.0,158178.0,178,1530000.0
1046,7.7,74.0,422089.0,144,108640000.0
1047,6.6,56.0,141917.0,115,52800000.0
1048,8.1,75.0,,141,164620000.0
1049,7.5,72.0,471455.0,167,77810000.0
1050,7.7,47.0,388223.0,146,77910000.0
1051,8.6,79.0,,130,7560000.0
1052,7.6,46.0,464803.0,103,56000000.0
1053,5.5,35.0,96287.0,136,33720000.0
1054,5.8,32.0,115369.0,89,38250000.0
1055,8.8,87.0,,179,342550000.0
1056,7.5,61.0,,81,176390000.0
1057,7.7,68.0,152325.0,121,4059999.9999999995
1058,5.9,38.0,296439.0,107,127150000.0
1059,7.6,70.0,245431.0,124,16290000.0
1060,7.1,70.0,154960.0,92,60060000.0
1061,4.5,33.0,24499.0,86,13920000.0
1062,7.3,59.0,271441.0,101,59020000.0
1063,7.1,66.0,310137.0,97,173400000.0
1064,7.6,30.0,,113,57940000.0
1065,6.5,45.0,268484.0,116,105810000.0
1066,8.2,90.0,,100,380840000.0
1067,8.3,70.0,,122,33229999.999999996
1068,7.3,65.0,42724.0,122,3900000.0
1069,7.2,73.0,155683.0,154,95640000.0
1070,8.1,91.0,286724.0,80,5820000.0
1071,6.8,72.0,348804.0,122,59620000.0
1072,7.5,80.0,138215.0,110,41680000.0
1073,7.7,71.0,470822.0,122,76630000.0
1074,6.3,66.0,417664.0,109,150370000.0
1075,7.3,56.0,,163,133380000.0
1076,7.3,75.0,502491.0,93,436470000.0
1077,7.9,86.0,382323.0,147,7220000.0
1078,7.7,72.0,283767.0,117,104450000.0
1079,8.5,85.0,,150,32570000.0
1080,5.5,48.0,106992.0,135,31190000.0
1081,7.2,85.0,133327.0,125,65019999.99999999
1082,5.8,24.0,152047.0,96,126290000.0
1083,5.8,35.0,30098.0,85,32979999.999999996
1084,5.9,69.0,36191.0,86,38230000.0
1085,6.8,46.0,431861.0,101,242830000.0
1086,4.4,57.0,65985.0,84,111760000.0
1087,6.8,64.0,131418.0,96,31600000.0
1088,7.0,68.0,387607.0,111,106130000.0
1089,6.2,62.0,222263.0,94,213310000.0
1090,6.4,49.0,112587.0,106,59070000.0
1091,7.4,45.0,45535.0,125,15650000.0
1092,5.5,33.0,77843.0,108,40080000.0
1093,7.0,42.0,284436.0,121,51970000.0
1094,7.9,84.0,484328.0,138,90140000.0
1095,6.7,52.0,233617.0,117,82350000.0
1096,7.0,64.0,205508.0,88,18230000.0
1097,7.6,69.0,184393.0,135,13060000.0
1098,7.3,61.0,95068.0,123,25890000.0
1099,6.3,43.0,216630.0,96,104570000.0
1100,6.8,59.0,384470.0,106,227970000.0
1101,5.1,41.0,36884.0,102,47940000.0
1102,5.4,45.0,95925.0,105,94010000.0
1103,7.1,57.0,373648.0,115,129130000.0
1104,5.8,48.0,186142.0,124,142110000.0
1105,7.7,83.0,202467.0,115,22250000.0
1106,5.9,46.0,108627.0,98,138610000.0
1107,6.1,32.0,130675.0,84,15420000.0
1108,7.1,63.0,377430.0,94,85290000.0
1109,6.7,66.0,128783.0,128,124730000.0
1110,7.4,49.0,192657.0,120,50340000.0
1111,7.6,76.0,312390.0,110,52360000.0
1112,6.6,38.0,266052.0,147,138610000.0
1113,7.9,86.0,117279.0,112,9360000.0
1114,7.3,74.0,161202.0,109,34470000.0
1115,6.7,48.0,59210.0,88,26480000.0
1116,6.7,66.0,116219.0,112,32540000.0
1117,6.8,52.0,121038.0,90,50290000.0
1118,6.2,38.0,151983.0,98,80570000.0
1119,5.7,36.0,70336.0,106,35670000.0
1120,6.2,49.0,141857.0,90,37900000.0
1121,6.2,29.0,61619.0,93,31160000.0
1122,7.2,77.0,319349.0,110,116720000.0
1123,7.4,67.0,222948.0,102,26780000.0
1124,5.5,49.0,157784.0,84,110000000.0
1125,7.3,33.0,346194.0,107,1200000.0
1126,6.8,70.0,97521.0,100,4600000.0
1127,6.6,35.0,287328.0,100,40120000.0
1128,8.0,58.0,458004.0,125,66260000.00000001
1129,6.0,48.0,144312.0,114,70840000.0
1130,6.2,49.0,401984.0,88,190420000.0
1131,6.7,55.0,266406.0,92,114330000.0
1132,8.0,83.0,,137,66209999.99999999
1133,5.7,35.0,26200.0,93,10390000.0
1134,6.8,48.0,380538.0,99,120910000.0
1135,7.3,74.0,210600.0,85,145790000.0
1136,7.3,61.0,137959.0,116,36910000.0
1137,6.4,45.0,41704.0,99,90000.0
1138,6.7,58.0,67162.0,138,35170000.0
1139,5.8,62.0,55022.0,118,33830000.0
1140,6.3,46.0,175718.0,126,51880000.0
1141,6.7,63.0,97979.0,124,52800000.0
1142,6.5,61.0,290815.0,90,45170000.0
1143,7.0,64.0,236926.0,96,44540000.0
1144,7.1,66.0,432681.0,97,86060000.0
1145,6.3,70.0,151840.0,97,110230000.0
1146,7.6,61.0,414293.0,101,1080000.0
1147,6.2,,48156.0,102,
1148,6.8,65.0,295983.0,112,96400000.0
1149,6.6,75.0,75631.0,97,21970000.0
1150,6.1,42.0,125657.0,101,93350000.0
1151,5.3,35.0,124984.0,89,153290000.0
1152,7.0,65.0,38643.0,128,1490000.0
1153,7.2,60.0,290012.0,124,93150000.0
1154,6.9,72.0,82499.0,100,11630000.0
1155,5.6,54.0,278019.0,138,132180000.0
1156,7.5,73.0,114772.0,116,7490000.0
1157,5.5,45.0,145111.0,92,91050000.0
1158,6.1,35.0,283613.0,131,120180000.0
1159,7.0,67.0,91811.0,113,16000000.0
1160,6.1,45.0,153687.0,117,116930000.0
1161,7.5,52.0,61435.0,111,41410000.0
1162,6.6,66.0,25279.0,90,19160000.0
1163,7.2,78.0,317846.0,118,67360000.0
1164,6.4,26.0,115063.0,92,21010000.0
1165,6.8,64.0,79884.0,113,48460000.0
1166,6.7,59.0,142798.0,104,47730000.0
1167,6.8,51.0,320239.0,92,25300000.0
1168,7.3,64.0,266228.0,90,52160000.0
1169,7.5,31.0,125754.0,130,19590000.0
1170,7.3,35.0,220895.0,101,41280000.0
1171,7.5,45.0,72364.0,93,550000.0
1172,7.8,53.0,,123,81000000.0
1173,8.1,82.0,214516.0,131,10000.0
1174,5.8,47.0,41461.0,111,28180000.0
1175,6.6,45.0,222169.0,92,17720000.0
1176,7.3,51.0,147076.0,97,750000.0
1177,5.8,38.0,118884.0,98,59690000.0
1178,7.3,78.0,176564.0,95,17840000.0
1179,6.2,14.0,48401.0,81,16030000.000000002
1180,7.4,68.0,58660.0,135,64379999.99999999
1181,7.2,82.0,329433.0,109,81260000.0
1182,7.6,81.0,73165.0,89,5740000.0
1183,7.2,65.0,150781.0,138,78120000.0
1184,5.5,56.0,41954.0,94,42730000.0
1185,7.2,52.0,84901.0,83,73280000.0
1186,7.7,61.0,147966.0,131,54230000.0
1187,6.3,56.0,169416.0,102,56360000.0
1188,6.3,43.0,113077.0,119,53790000.0
1189,6.2,52.0,227698.0,106,135650000.0
1190,5.8,25.0,47601.0,115,40010000.0
1191,6.2,57.0,32174.0,106,5380000.0
1192,5.8,30.0,183565.0,110,66470000.0
1193,8.1,,88095.0,156,
1194,6.4,33.0,170185.0,124,33810000.0
1195,4.9,33.0,24883.0,91,14020000.0
1196,6.7,52.0,59113.0,113,43610000.0
1197,6.5,46.0,209001.0,96,48020000.0
1198,6.4,45.0,124141.0,124,118910000.0
1199,2.4,14.0,24070.0,104,4270000.0
1200,5.5,28.0,74232.0,95,56130000.0
1201,5.3,42.0,228640.0,103,102540000.0
1202,5.9,39.0,29433.0,86,14160000.0
1203,6.7,68.0,113803.0,77,420000.0
1204,6.6,48.0,130136.0,121,43730000.0
1205,6.0,31.0,92979.0,89,12630000.0
1206,5.6,30.0,93534.0,91,41870000.0
1207,6.7,54.0,163863.0,122,31600000.0
1208,7.1,61.0,34001.0,109,16350000.000000002
1209,5.2,30.0,59777.0,101,30340000.0
1210,6.3,57.0,215507.0,98,57230000.0
1211,8.0,85.0,86587.0,103,2380000.0
1212,7.2,73.0,113030.0,100,11530000.0
1213,7.2,90.0,93743.0,137,41310000.0
1214,6.6,62.0,144210.0,95,241440000.0
1215,6.6,50.0,53235.0,110,6530000.0
1216,6.0,44.0,143350.0,90,88100000.0
1217,6.1,55.0,154200.0,101,88240000.0
1218,4.9,48.0,132738.0,106,100830000.0
1219,6.3,53.0,74489.0,96,22920000.0
1220,5.3,42.0,69584.0,93,59480000.0
1221,6.2,45.0,123174.0,108,127220000.0
1222,6.2,67.0,86134.0,99,14970000.0
1223,5.3,66.0,73461.0,100,85850000.0
1224,7.1,69.0,93869.0,111,31270000.0
1225,6.0,42.0,130087.0,96,56680000.0
1226,6.7,65.0,105346.0,157,58200000.0
1227,6.2,58.0,112283.0,114,60480000.0
1228,5.9,49.0,94545.0,120,24010000.0
1229,5.5,53.0,60073.0,99,17320000.0
1230,6.5,45.0,90599.0,117,63860000.0
1231,6.9,48.0,123157.0,85,85340000.0
1232,6.2,56.0,108741.0,104,39800000.0
1233,6.2,38.0,95073.0,103,32680000.0
1234,6.7,62.0,48865.0,92,8940000.0
1235,5.6,28.0,108702.0,91,30110000.0
1236,6.2,51.0,173638.0,89,28080000.0
1237,5.5,43.0,144592.0,117,65660000.0
1238,6.0,36.0,49359.0,109,26180000.0
1239,6.3,49.0,55184.0,125,19080000.0
1240,5.5,32.0,13875.0,96,14210000.0
1241,6.3,54.0,45219.0,105,17010000.0
1242,5.5,40.0,52102.0,104,23020000.0
1243,2.6,18.0,50659.0,121,6070000.0
1244,6.5,63.0,65370.0,105,41090000.0
1245,7.1,63.0,131050.0,115,2530000.0
1246,7.2,64.0,90881.0,100,13100000.0
1247,7.1,74.0,33320.0,90,600000.0
1248,5.6,56.0,83442.0,93,21160000.0
1249,5.6,29.0,65755.0,116,19480000.0
1250,6.6,44.0,276821.0,108,114200000.0
1251,7.2,81.0,445058.0,187,218080000.0
1252,7.7,87.0,380767.0,134,83040000.0
1253,8.2,62.0,,132,70510000.0
1254,6.9,40.0,353920.0,131,173010000.0
1255,8.2,70.0,,140,206850000.0
1256,7.5,83.0,,127,373590000.0
1257,6.9,62.0,463910.0,109,124740000.0
1258,6.4,47.0,139748.0,93,36320000.0
1259,8.0,74.0,,124,74100000.0
1260,7.4,82.0,252102.0,96,31490000.0
1261,7.6,68.0,,140,380260000.0
1262,7.8,82.0,328817.0,129,38410000.0
1263,7.4,53.0,,151,423320000.0
1264,8.0,69.0,197813.0,144,61650000.0
1265,6.1,36.0,209380.0,94,51200000.0
1266,6.8,53.0,55807.0,135,29080000.0
1267,6.3,52.0,44688.0,134,19380000.0
1268,7.1,59.0,,115,144800000.0
1269,7.0,58.0,107831.0,103,24520000.0
1270,6.3,41.0,285831.0,115,279260000.0
1271,7.8,72.0,265099.0,136,119520000.0
1272,6.5,73.0,473724.0,116,234280000.0
1273,5.6,49.0,76904.0,121,22520000.0
1274,7.5,71.0,431694.0,120,101010000.0
1275,8.1,86.0,,132,100490000.0
1276,7.7,66.0,448385.0,112,54580000.0
1277,7.5,73.0,236879.0,103,4240000.0
1278,7.8,80.0,,101,59890000.0
1279,7.0,58.0,167764.0,104,1010000.0
1280,6.6,66.0,198847.0,108,148210000.0
1281,7.4,89.0,440292.0,84,128509999.99999999
1282,5.5,58.0,144442.0,105,34020000.0
1283,7.0,58.0,205592.0,125,62660000.0
1284,6.0,45.0,298407.0,104,62510000.0
1285,7.2,73.0,466788.0,116,244080000.0
1286,6.4,64.0,161312.0,91,128199999.99999999
1287,7.9,76.0,,99,13540000.0
1288,6.5,66.0,64835.0,119,39010000.0
1289,8.2,82.0,374031.0,156,5510000.0
1290,7.5,94.0,203591.0,127,71500000.0
1291,7.5,68.0,388958.0,110,39870000.0
1292,7.2,40.0,130367.0,143,51270000.0
1293,6.5,55.0,66196.0,107,12780000.0
1294,6.7,73.0,89497.0,135,12710000.0
1295,5.9,45.0,79371.0,110,18470000.0
1296,6.9,75.0,426652.0,143,291710000.0
1297,4.9,47.0,50692.0,101,66019999.99999999
1298,6.7,67.0,188842.0,83,155020000.0
1299,6.8,49.0,156177.0,109,74490000.0
1300,6.7,72.0,,115,206460000.0
1301,6.9,57.0,262867.0,88,27830000.0
1302,6.6,46.0,457591.0,149,217540000.0
1303,6.5,31.0,243291.0,125,46980000.0
1304,7.4,83.0,297810.0,77,53360000.0
1305,8.4,89.0,408948.0,137,11290000.0
1306,7.2,65.0,235406.0,104,33990000.0
1307,7.5,74.0,237752.0,164,47400000.0
1308,5.7,50.0,110141.0,98,60670000.0
1309,7.4,55.0,161321.0,109,340000.0
1310,7.3,90.0,115787.0,103,56440000.0
1311,7.3,63.0,312613.0,144,47400000.0
1312,8.5,85.0,,151,132380000.0
1313,8.0,75.0,130918.0,101,170000.0
1314,8.2,82.0,445841.0,119,4710000.0
1315,8.0,90.0,,115,261440000.0
1316,7.6,76.0,396219.0,129,88510000.0
1317,6.9,57.0,435746.0,86,193600000.0
1318,6.4,45.0,355306.0,107,137360000.0
1319,7.1,73.0,465078.0,116,109450000.0
1320,7.7,78.0,150289.0,99,17110000.0
1321,7.7,81.0,,157,290010000.0
1322,4.4,26.0,41490.0,114,5970000.0
1323,6.7,63.0,207898.0,109,51090000.0
1324,6.5,58.0,412807.0,125,125540000.0
1325,7.1,72.0,109911.0,110,2060000.0
1326,6.2,47.0,153674.0,90,110330000.0
1327,7.5,71.0,228575.0,92,24790000.0
1328,7.3,41.0,103462.0,122,6860000.0
1329,6.3,33.0,64009.0,106,4480000.0
1330,7.3,68.0,43119.0,116,22200000.0
1331,6.7,36.0,208808.0,106,62320000.0
1332,5.5,38.0,30220.0,88,53410000.0
1333,5.8,43.0,153183.0,93,54100000.0
1334,7.3,88.0,140411.0,114,28750000.0
1335,7.7,73.0,157029.0,152,75330000.0
1336,7.6,62.0,335858.0,122,24150000.0
1337,6.4,64.0,35317.0,101,1990000.0
1338,5.7,41.0,87841.0,89,41010000.0
1339,6.2,55.0,21627.0,122,6610000.0
1340,7.7,73.0,485691.0,108,176240000.0
1341,5.9,25.0,93725.0,95,51440000.0
1342,6.5,66.0,180957.0,84,440000.0
1343,7.3,65.0,140465.0,97,24150000.0
1344,7.0,50.0,372818.0,121,75980000.0
1345,6.8,50.0,327076.0,136,35820000.0
1346,8.0,74.0,85092.0,126,2089999.9999999998
1347,7.2,62.0,57626.0,88,320000.0
1348,6.5,66.0,56438.0,110,45810000.0
1349,7.6,72.0,227562.0,124,23090000.0
1350,7.2,66.0,74462.0,120,4860000.0
1351,7.6,74.0,195603.0,123,17610000.0
1352,6.4,52.0,182638.0,107,41780000.0
1353,6.5,48.0,126474.0,104,65330000.0
1354,5.4,44.0,100671.0,110,76230000.0
1355,5.1,40.0,128787.0,83,90710000.0
1356,6.5,55.0,,120,186340000.0
1357,5.8,38.0,187801.0,113,52410000.0
1358,7.5,75.0,116406.0,137,5460000.0
1359,7.1,56.0,57993.0,107,11010000.0
1360,5.7,29.0,211528.0,101,80280000.0
1361,4.5,,5831.0,97,
1362,7.2,51.0,248350.0,97,10140000.0
1363,7.3,57.0,170897.0,136,67260000.0
1364,6.2,56.0,78034.0,99,16190000.000000002
1365,5.0,24.0,33923.0,85,23090000.0
1366,8.1,79.0,371136.0,121,23530000.0
1367,8.3,78.0,,101,710000.0
1368,5.6,37.0,72045.0,118,56050000.0
1369,6.6,40.0,275481.0,93,87040000.0
1370,6.3,53.0,171391.0,98,89710000.0
1371,6.8,49.0,54203.0,125,14730000.0
1372,6.4,48.0,194312.0,113,158120000.0
1373,6.3,56.0,214776.0,87,43100000.0
1374,6.6,58.0,334447.0,118,179500000.0
1375,7.5,77.0,383115.0,170,102610000.0
1376,5.4,51.0,44965.0,110,18600000.0
1377,6.0,44.0,122064.0,108,40230000.0
1378,6.6,58.0,,104,234360000.0
1379,5.6,40.0,176349.0,175,34300000.0
1380,7.3,54.0,160084.0,145,57490000.0
1381,6.5,47.0,122558.0,104,47810000.0
1382,7.1,79.0,50887.0,118,10210000.0
1383,5.7,40.0,343107.0,106,154700000.0
1384,6.1,66.0,123417.0,132,63450000.0
1385,7.4,78.0,61603.0,129,1440000.0
1386,7.0,73.0,116876.0,100,5500000.0
1387,5.8,43.0,88542.0,113,95170000.0
1388,5.1,34.0,80056.0,115,48480000.0
1389,7.8,74.0,305199.0,119,25510000.0
1390,6.5,69.0,88577.0,95,7770000.0
1391,6.8,52.0,157314.0,99,52330000.0
1392,6.2,56.0,47623.0,104,42070000.0
1393,6.3,59.0,66460.0,98,17000000.0
1394,6.2,47.0,127001.0,96,32619999.999999996
1395,7.7,53.0,325045.0,110,22500000.0
1396,7.2,64.0,178201.0,98,32790000.0
1397,6.4,45.0,174974.0,105,2340000.0
1398,6.9,76.0,134084.0,128,50820000.0
1399,6.6,48.0,71124.0,107,21840000.0
1400,6.7,53.0,65882.0,118,4280000.0
1401,6.2,58.0,42044.0,105,22830000.0
1402,7.4,80.0,101130.0,93,31560000.0
1403,4.5,37.0,73453.0,101,26870000.0
1404,7.2,62.0,210445.0,119,24010000.0
1405,7.3,82.0,90132.0,81,7360000.0
1406,7.1,67.0,101383.0,87,85420000.0
1407,5.5,43.0,62235.0,110,54610000.0
1408,6.8,62.0,220541.0,108,118630000.0
1409,6.8,73.0,61691.0,180,750000.0
1410,7.1,70.0,73712.0,84,1200000.0
1411,6.7,46.0,139679.0,119,75070000.0
1412,5.9,49.0,150527.0,91,110360000.0
1413,7.2,71.0,245824.0,99,26020000.0
1414,7.0,,48945.0,97,
1415,6.7,41.0,85747.0,99,3630000.0
1416,6.9,40.0,58519.0,114,12830000.0
1417,6.7,47.0,117114.0,95,48320000.0
1418,8.1,,122194.0,167,2200000.0
1419,8.2,,98285.0,210,1220000.0
1420,8.0,64.0,41006.0,140,1110000.0
1421,7.9,72.0,58119.0,88,240000.0
1422,7.5,67.0,236141.0,113,40140000.0
1423,6.2,53.0,23472.0,141,16140000.0
1424,7.3,64.0,68218.0,120,81610000.0
1425,5.9,52.0,93635.0,92,80200000.0
1426,6.2,46.0,71275.0,110,19190000.0
1427,5.6,,96079.0,98,
1428,3.8,36.0,71234.0,102,23640000.0
1429,7.7,67.0,211754.0,106,51680000.0
1430,7.5,69.0,316611.0,143,34300000.0
1431,6.9,66.0,389532.0,126,134030000.0
1432,6.3,67.0,114781.0,101,29260000.0
1433,6.6,48.0,87407.0,96,10530000.0
1434,7.3,73.0,194871.0,105,2340000.0
1435,7.3,68.0,44848.0,126,18320000.0
1436,5.0,,75432.0,87,
1437,5.7,38.0,92188.0,93,82230000.0
1438,5.5,41.0,133567.0,113,32060000.000000004
1439,6.5,60.0,64933.0,130,32880000.000000004
1440,7.2,40.0,29780.0,120,3960000.0
1441,6.8,59.0,295613.0,91,195330000.0
1442,5.2,34.0,118469.0,105,28210000.0
1443,7.2,58.0,48699.0,118,42640000.0
1444,6.5,57.0,56250.0,112,11300000.0
1445,6.6,61.0,240563.0,100,183370000.0
1446,6.7,49.0,35839.0,90,670000.0
1447,6.4,62.0,110761.0,128,72710000.0
1448,7.1,52.0,80553.0,125,38430000.0
1449,7.1,44.0,119042.0,103,6300000.0
1450,7.6,74.0,76017.0,105,700000.0
1451,4.7,34.0,97714.0,97,24410000.0
1452,2.4,9.0,46944.0,99,5180000.0
1453,7.2,70.0,66696.0,118,61260000.0
1454,6.5,60.0,105206.0,94,32000000.0
1455,5.4,29.0,61348.0,108,17320000.0
1456,6.9,53.0,107755.0,122,15230000.0
1457,5.1,42.0,25530.0,93,650000.0
1458,7.0,63.0,75158.0,105,57810000.0
1459,7.1,79.0,106597.0,106,13740000.0
1460,6.6,76.0,116297.0,129,65959999.99999999
1461,6.3,45.0,72535.0,123,26840000.0
1462,6.5,65.0,121282.0,123,15960000.0
1463,7.1,57.0,21430.0,107,1820000.0
1464,6.1,41.0,103360.0,124,68670000.0
1465,5.9,55.0,190418.0,94,47330000.0
1466,6.0,66.0,87725.0,129,70280000.0
1467,5.9,33.0,117148.0,90,65230000.00000001
1468,5.4,36.0,132571.0,93,25870000.0
1469,6.5,45.0,66018.0,80,51390000.0
1470,6.2,71.0,100569.0,93,20700000.0
1471,5.8,46.0,138647.0,106,118700000.0
1472,5.9,51.0,126044.0,118,37920000.0
1473,5.8,30.0,77116.0,91,39520000.0
1474,6.0,48.0,198122.0,90,160860000.0
1475,5.1,33.0,81751.0,104,80270000.0
1476,5.5,34.0,62639.0,94,82570000.0
1477,5.6,47.0,85560.0,97,88720000.0
1478,6.6,68.0,137481.0,91,73660000.0
1479,6.9,33.0,88254.0,94,6090000.0
1480,6.2,46.0,95721.0,85,
1481,5.9,37.0,69293.0,127,10170000.0
1482,6.1,64.0,87304.0,106,37760000.0
1483,6.9,53.0,97788.0,139,55010000.0
1484,3.4,27.0,125507.0,104,40200000.0
1485,6.6,61.0,83161.0,102,12480000.0
1486,5.5,36.0,103513.0,110,42290000.0
1487,5.9,35.0,88597.0,101,51100000.0
1488,5.9,47.0,107393.0,129,46460000.0
1489,6.4,48.0,88399.0,131,42730000.0
1490,4.3,18.0,83965.0,88,18500000.0
1491,6.5,71.0,135739.0,85,57890000.0
1492,1.6,,9651.0,105,
1493,6.1,49.0,105334.0,86,85110000.0
1494,5.7,48.0,100449.0,81,135390000.0
1495,5.7,,37216.0,93,
1496,6.1,32.0,56172.0,90,31730000.0
1497,7.1,85.0,132173.0,120,2200000.0
1498,6.3,56.0,75067.0,103,60060000.0
1499,7.4,82.0,148205.0,129,33580000.0
1500,7.0,70.0,45866.0,114,6570000.0
1501,6.9,54.0,66604.0,97,3950000.0
1502,8.2,92.0,,122,74280000.0
1503,8.0,80.0,,144,167450000.0
1504,7.6,74.0,,92,215430000.0
1505,7.0,61.0,,144,319250000.0
1506,5.7,53.0,127010.0,145,152650000.0
1507,8.5,66.0,,130,53090000.0
1508,9.0,84.0,,152,534860000.0
1509,6.3,59.0,,139,336530000.0
1510,7.1,69.0,420007.0,128,134530000.0
1511,7.1,79.0,128955.0,135,33600000.0
1512,7.2,65.0,74998.0,121,6780000.0
1513,6.7,64.0,407561.0,110,134510000.0
1514,7.8,76.0,451083.0,157,130160000.0
1515,7.1,50.0,,169,309420000.0
1516,6.6,40.0,153918.0,90,72270000.0
1517,7.0,54.0,42775.0,117,11240000.0
1518,7.9,84.0,,109,35550000.0
1519,7.4,74.0,163247.0,105,7160000.0
1520,7.3,67.0,120687.0,90,8580000.0
1521,7.6,66.0,284495.0,127,38630000.0
1522,6.9,78.0,292725.0,100,28640000.0
1523,7.2,69.0,188862.0,111,30060000.0
1524,7.1,58.0,338669.0,126,25590000.0
1525,8.1,73.0,,148,18350000.0
1526,6.2,65.0,490218.0,122,317100000.0
1527,8.2,93.0,,158,40220000.0
1528,7.4,81.0,,96,143500000.0
1529,6.9,51.0,317818.0,98,100470000.0
1530,7.7,86.0,128440.0,101,330000.0
1531,7.2,65.0,,101,256390000.0
1532,8.0,85.0,,115,227470000.0
1533,7.8,64.0,116481.0,117,2280000.0
1534,7.8,81.0,,121,23640000.0
1535,6.5,54.0,228169.0,110,130320000.0
1536,7.1,75.0,216728.0,107,127810000.0
1537,8.0,64.0,,117,163570000.0
1538,6.5,62.0,224726.0,150,141620000.0
1539,6.1,54.0,178969.0,91,126630000.0
1540,7.7,79.0,,157,33080000.0
1541,8.0,84.0,,120,141320000.0
1542,7.1,59.0,326714.0,126,64040000.00000001
1543,8.1,96.0,,111,206450000.0
1544,7.0,78.0,285184.0,120,75750000.0
1545,7.7,71.0,80318.0,145,4400000.0
1546,6.5,56.0,182059.0,101,31460000.0
1547,6.9,64.0,356520.0,111,87340000.0
1548,7.3,70.0,154818.0,106,5970000.0
1549,6.1,35.0,322694.0,88,80170000.0
1550,8.0,92.0,110296.0,112,5990000.0
1551,7.6,76.0,,113,121460000.0
1552,7.1,70.0,268302.0,96,23220000.0
1553,6.6,61.0,,112,134520000.0
1554,7.2,74.0,49038.0,126,5700000.0
1555,6.5,48.0,375797.0,108,250860000.0
1556,7.8,,199410.0,87,
1557,5.4,37.0,154714.0,96,100460000.0
1558,7.3,45.0,156030.0,120,28480000.0
1559,7.3,80.0,348885.0,87,183140000.0
1560,5.6,36.0,44592.0,99,25120000.0
1561,7.2,74.0,172471.0,96,82270000.0
1562,8.4,95.0,,98,223810000.0
1563,7.1,53.0,354161.0,124,47000000.0
1564,7.1,67.0,301667.0,111,63170000.0
1565,6.6,76.0,77101.0,130,103370000.0
1566,4.7,33.0,75148.0,75,26640000.0
1567,7.1,63.0,230946.0,102,70270000.0
1568,7.0,46.0,243951.0,92,42750000.0
1569,7.9,79.0,,126,318410000.0
1570,7.6,72.0,291847.0,114,20300000.0
1571,5.5,44.0,34700.0,90,
1572,7.4,58.0,83393.0,104,40000.0
1573,6.6,64.0,95267.0,90,31490000.0
1574,6.5,57.0,141785.0,114,38090000.0
1575,6.8,48.0,265859.0,123,81160000.0
1576,7.3,56.0,114097.0,133,51660000.0
1577,6.9,85.0,383634.0,129,148730000.0
1578,6.6,43.0,194922.0,118,101110000.0
1579,6.8,62.0,247378.0,105,80210000.0
1580,7.6,76.0,330276.0,122,53610000.0
1581,6.2,44.0,182503.0,91,140130000.0
1582,6.3,59.0,173877.0,115,82160000.0
1583,6.8,71.0,149876.0,86,154530000.0
1584,6.9,52.0,321909.0,136,63220000.0
1585,8.0,64.0,,143,57370000.0
1586,7.2,67.0,216368.0,91,11900000.0
1587,6.0,36.0,92036.0,101,40080000.0
1588,6.4,47.0,33551.0,92,2930000.0
1589,7.9,67.0,460148.0,107,7760000.0
1590,6.6,45.0,151771.0,109,35660000.0
1591,6.9,47.0,101093.0,117,7460000.0
1592,6.8,61.0,110902.0,95,97820000.0
1593,7.5,65.0,62663.0,126,30230000.0
1594,5.6,54.0,213515.0,113,100020000.0
1595,6.4,,212168.0,98,35190000.0
1596,7.1,71.0,446392.0,107,110520000.0
1597,7.0,63.0,352108.0,96,60360000.0
1598,6.5,51.0,272789.0,108,144130000.0
1599,6.4,43.0,218463.0,105,36320000.0
1600,6.7,,104428.0,82,
1601,6.7,55.0,52516.0,114,3520000.0
1602,6.2,,42753.0,95,
1603,6.2,48.0,211605.0,108,80240000.0
1604,6.2,36.0,96554.0,103,22490000.0
1605,6.8,55.0,114914.0,94,8320000.0
1606,4.8,38.0,46251.0,87,480000.0
1607,5.9,36.0,164246.0,93,63300000.0
1608,6.1,36.0,187386.0,99,80280000.0
1609,7.6,52.0,,117,210610000.0
1610,6.8,59.0,92647.0,117,28560000.0
1611,7.0,67.0,124652.0,102,66660000.0
1612,6.2,41.0,69092.0,87,54150000.0
1613,6.5,39.0,106137.0,113,24850000.0
1614,5.6,45.0,276780.0,92,131919999.99999999
1615,6.0,39.0,26294.0,97,41850000.0
1616,6.3,64.0,177322.0,93,118590000.0
1617,6.8,64.0,293135.0,104,71990000.0
1618,6.1,51.0,196495.0,113,70110000.0
1619,7.4,73.0,84311.0,92,17510000.0
1620,6.9,62.0,366365.0,122,117150000.0
1621,6.1,35.0,115586.0,121,27670000.0
1622,6.8,61.0,74013.0,91,12060000.0
1623,6.6,53.0,188800.0,113,39570000.0
1624,3.9,17.0,38083.0,88,43870000.0
1625,6.5,59.0,107048.0,104,50570000.0
1626,5.3,35.0,251552.0,110,115800000.0
1627,6.2,47.0,52528.0,92,15000000.0
1628,5.9,44.0,83755.0,90,17430000.0
1629,6.9,52.0,66433.0,116,9400000.0
1630,6.9,62.0,87111.0,110,13820000.0
1631,6.2,41.0,204936.0,94,50650000.0
1632,7.5,56.0,265080.0,147,2220000.0
1633,7.0,53.0,64700.0,131,43550000.0
1634,6.8,55.0,120494.0,109,26420000.0
1635,5.1,38.0,130265.0,104,75030000.0
1636,6.8,65.0,106806.0,98,47640000.0
1637,6.4,49.0,510220.0,92,227950000.0
1638,5.8,27.0,123156.0,100,168270000.0
1639,6.5,33.0,80376.0,84,14380000.0
1640,6.6,49.0,154806.0,86,12810000.0
1641,6.1,35.0,113489.0,110,30690000.0
1642,6.1,34.0,101547.0,89,16810000.0
1643,6.7,,44507.0,82,
1644,7.8,85.0,298779.0,123,50930000.0
1645,7.0,39.0,218047.0,126,53700000.0
1646,7.0,55.0,64931.0,120,18670000.0
1647,7.4,69.0,95805.0,125,8060000.000000001
1648,8.1,68.0,84776.0,153,1110000.0
1649,5.8,49.0,8238.0,100,31340000.0
1650,6.3,68.0,46347.0,97,82990000.0
1651,3.1,21.0,24842.0,110,10010000.0
1652,7.2,68.0,218299.0,113,39020000.0
1653,6.4,77.0,199356.0,108,198000000.0
1654,7.8,68.0,330058.0,139,50870000.0
1655,6.2,42.0,165880.0,96,18210000.0
1656,6.5,48.0,252834.0,124,219960000.0
1657,7.0,,222641.0,105,
1658,5.8,46.0,96349.0,116,36790000.0
1659,7.6,78.0,68396.0,122,870000.0
1660,6.2,63.0,30703.0,119,44090000.0
1661,7.1,59.0,172945.0,112,31970000.0
1662,7.6,64.0,85043.0,123,36610000.0
1663,6.1,47.0,174360.0,111,76810000.0
1664,7.2,82.0,173724.0,119,49030000.0
1665,8.2,98.0,,118,37630000.0
1666,6.7,43.0,93068.0,88,13920000.0
1667,7.4,42.0,259131.0,97,93470000.0
1668,7.2,64.0,266362.0,107,3680000.0
1669,7.8,89.0,169704.0,141,13760000.0
1670,6.4,,57717.0,106,
1671,8.1,,82158.0,104,
1672,7.5,68.0,192339.0,160,3900000.0
1673,7.8,82.0,226285.0,114,2120000.0
1674,7.0,64.0,419364.0,85,80050000.0
1675,6.4,44.0,100105.0,110,90650000.0
1676,6.2,35.0,177426.0,94,39690000.0
1677,6.1,58.0,331137.0,93,320710000.0
1678,7.0,,105806.0,99,
1679,7.1,54.0,90647.0,102,20000.0
1680,6.3,25.0,102293.0,111,80000.0
1681,5.3,,67597.0,85,
1682,6.0,23.0,54220.0,114,0.0
1683,6.5,45.0,75081.0,121,3070000.0
1684,7.6,61.0,82452.0,128,15800000.0
1685,7.4,38.0,110933.0,114,31660000.0
1686,8.5,82.0,40515.0,95,20000.0
1687,7.0,,312700.0,127,
1688,4.6,29.0,132727.0,94,41800000.0
1689,6.5,44.0,103516.0,111,1290000.0
1690,5.2,,65835.0,104,
1691,7.0,66.0,32943.0,96,1780000.0
1692,6.7,48.0,66084.0,104,10010000.0
1693,6.2,46.0,63919.0,106,25930000.0
1694,6.8,63.0,77026.0,96,18320000.0
1695,7.5,82.0,73419.0,96,150000.0
1696,7.6,83.0,260216.0,100,17110000.0
1697,7.4,61.0,99473.0,124,19660000.0
1698,5.8,57.0,131277.0,93,101700000.0
1699,5.4,44.0,26410.0,115,61360000.0
1700,5.1,,73940.0,97,
1701,5.2,31.0,170187.0,112,102490000.0
1702,6.8,56.0,68480.0,116,3340000.0
1703,5.7,31.0,51050.0,109,23980000.0
1704,7.6,66.0,90577.0,140,10300000.0
1705,7.5,77.0,190871.0,191,25040000.0
1706,7.8,90.0,121083.0,86,9440000.0
1707,6.0,47.0,130264.0,109,58270000.0
1708,6.4,56.0,133763.0,90,33299999.999999996
1709,7.3,77.0,110613.0,125,5490000.0
1710,5.7,29.0,84288.0,112,70230000.0
1711,6.6,74.0,138121.0,85,64670000.0
1712,6.5,57.0,109360.0,104,52080000.0
1713,7.0,56.0,132041.0,110,47540000.0
1714,5.9,37.0,153759.0,115,120060000.0
1715,6.8,45.0,74921.0,114,16290000.0
1716,5.9,45.0,82519.0,99,15070000.0
1717,5.0,34.0,216009.0,91,64510000.00000001
1718,6.7,81.0,138310.0,117,118870000.0
1719,5.8,47.0,85848.0,91,33470000.0
1720,6.7,61.0,108295.0,167,59950000.0
1721,6.8,73.0,61057.0,135,4019999.9999999995
1722,6.2,48.0,47599.0,93,32060000.000000004
1723,6.7,50.0,119700.0,115,26810000.0
1724,6.4,58.0,69593.0,90,7870000.0
1725,5.2,,37051.0,94,
1726,5.6,19.0,94224.0,101,35020000.0
1727,2.4,17.0,109380.0,86,39740000.0
1728,4.2,27.0,79548.0,103,95670000.0
1729,5.9,29.0,81484.0,96,47850000.0
1730,5.5,46.0,95710.0,94,17610000.0
1731,5.4,36.0,40696.0,93,7030000.0
1732,6.0,31.0,40774.0,107,4600000.0
1733,6.7,64.0,64572.0,115,20210000.0
1734,5.5,26.0,98369.0,90,22530000.0
1735,6.4,71.0,42916.0,112,40410000.0
1736,1.5,,16754.0,110,
1737,1.5,,7058.0,100,
1738,1.9,,3924.0,100,
1739,6.1,37.0,78238.0,135,43950000.0
1740,5.1,34.0,135290.0,109,94780000.0
1741,6.3,50.0,78507.0,104,43110000.0
1742,5.9,51.0,79779.0,113,10960000.0
1743,6.5,62.0,102292.0,96,71200000.0
1744,7.2,58.0,22835.0,130,9590000.0
1745,6.2,50.0,90853.0,98,58020000.0
1746,6.2,45.0,51078.0,108,11890000.0
1747,5.8,37.0,75893.0,101,46010000.0
1748,5.9,47.0,93892.0,104,20980000.0
1749,6.4,47.0,32624.0,97,11040000.0
1750,7.0,53.0,167373.0,111,143150000.0
1751,7.0,66.0,128513.0,123,94130000.0
1752,7.0,74.0,43432.0,110,3150000.0
1753,7.2,83.0,60351.0,113,1040000.0
1754,4.5,27.0,83840.0,146,95350000.0
1755,8.8,74.0,,148,292580000.0
1756,7.6,57.0,,128,209030000.0
1757,8.4,69.0,,153,120540000.0
1758,5.5,34.0,116563.0,97,65000000.0
1759,7.9,80.0,319264.0,109,26240000.0
1760,7.8,76.0,222968.0,152,10100000.0
1761,7.7,73.0,,100,277320000.0
1762,7.8,63.0,264841.0,141,35740000.0
1763,7.9,83.0,,162,760510000.0
1764,5.8,39.0,292196.0,106,163210000.0
1765,7.2,64.0,253411.0,111,60000.0
1766,7.9,82.0,,127,257730000.00000003
1767,7.3,73.0,48400.0,145,630000.0
1768,7.6,66.0,,117,48070000.0
1769,5.7,32.0,214755.0,118,152270000.0
1770,6.4,48.0,215644.0,102,64170000.0
1771,7.0,70.0,317948.0,140,97100000.0
1772,7.5,95.0,472602.0,131,17020000.0
1773,6.7,65.0,94367.0,91,10000.0
1774,6.6,53.0,282487.0,140,105270000.0
1775,6.8,48.0,358441.0,108,163960000.0
1776,4.5,19.0,14114.0,109,20000.0
1777,7.5,83.0,179558.0,128,31840000.0
1778,7.3,85.0,138018.0,100,12570000.0
1779,6.2,61.0,204459.0,140,176590000.0
1780,8.3,88.0,,96,293000000.0
1781,4.0,20.0,174293.0,103,131560000.0
1782,6.8,46.0,382062.0,104,97690000.0
1783,5.5,24.0,115104.0,89,58720000.0
1784,7.6,36.0,314624.0,123,69950000.0
1785,6.5,52.0,99728.0,118,25450000.0
1786,7.6,78.0,,153,301960000.0
1787,7.1,56.0,258562.0,121,83080000.0
1788,7.6,58.0,258711.0,124,34190000.0
1789,6.5,49.0,376502.0,115,125320000.0
1790,6.5,58.0,469656.0,106,168370000.0
1791,7.3,69.0,224360.0,119,22910000.0
1792,7.7,80.0,112268.0,122,18590000.0
1793,8.1,75.0,,98,217580000.0
1794,6.4,58.0,148695.0,100,18440000.0
1795,6.5,44.0,167449.0,92,45800000.0
1796,7.6,72.0,,95,251510000.0
1797,8.3,92.0,,103,415000000.0
1798,5.3,56.0,486131.0,122,192770000.0
1799,5.3,31.0,130000.0,100,40690000.0
1800,5.5,23.0,114625.0,113,109210000.0
1801,7.6,56.0,,162,107510000.0
1802,5.2,35.0,107141.0,95,63080000.0
1803,7.7,76.0,,95,32390000.0
1804,6.6,42.0,179392.0,135,43820000.0
1805,7.6,53.0,359319.0,129,255960000.0
1806,4.6,47.0,45530.0,102,79570000.0
1807,6.3,63.0,97428.0,94,240000.0
1808,7.5,73.0,,88,75590000.0
1809,7.0,58.0,55014.0,98,9450000.0
1810,6.7,71.0,108367.0,101,77230000.0
1811,6.6,53.0,129556.0,165,49550000.0
1812,6.5,40.0,,107,179880000.0
1813,6.8,61.0,240556.0,99,67290000.0
1814,5.3,34.0,52126.0,104,37490000.0
1815,7.6,86.0,162320.0,101,15090000.0
1816,7.5,68.0,135848.0,104,33420000.0
1817,8.2,,32420.0,107,
1818,6.8,76.0,168344.0,107,16030000.000000002
1819,7.7,80.0,262359.0,100,75290000.0
1820,7.3,68.0,84977.0,97,300000.0
1821,7.3,58.0,115873.0,135,7990000.0
1822,6.0,35.0,427232.0,149,402110000.0
1823,6.5,46.0,310115.0,107,155060000.0
1824,6.3,65.0,185307.0,109,60970000.0
1825,6.9,50.0,263194.0,94,196570000.0
1826,5.5,31.0,90264.0,107,44880000.0
1827,6.6,65.0,99628.0,102,2040000.0
1828,7.0,70.0,216281.0,105,71440000.0
1829,7.9,83.0,268710.0,87,21000000.0
1830,7.2,57.0,27862.0,114,37770000.0
1831,6.3,58.0,223665.0,93,238370000.0
1832,4.7,,49331.0,93,
1833,7.5,81.0,45843.0,98,450000.0
1834,5.9,54.0,153639.0,81,60050000.0
1835,7.8,67.0,375779.0,97,5010000.0
1836,6.4,33.0,110426.0,100,25920000.0
1837,7.4,34.0,318447.0,109,73340000.0
1838,6.6,50.0,303173.0,116,90760000.0
1839,5.3,32.0,75138.0,102,49440000.0
1840,6.4,28.0,229889.0,96,88920000.0
1841,7.2,53.0,264358.0,114,5690000.0
1842,7.1,64.0,159991.0,127,37020000.0
1843,6.6,55.0,98766.0,117,43310000.0
1844,7.4,83.0,348821.0,109,83820000.0
1845,6.0,30.0,274486.0,102,162000000.0
1846,6.9,66.0,256707.0,90,124870000.0
1847,5.9,47.0,202476.0,118,88760000.0
1848,6.6,45.0,62979.0,130,15710000.0
1849,5.5,47.0,150457.0,102,16200000.0
1850,5.8,49.0,396614.0,158,166110000.0
1851,6.9,57.0,,124,312430000.0
1852,7.9,81.0,,112,115650000.0
1853,6.8,53.0,338272.0,118,94840000.0
1854,6.4,53.0,439658.0,108,334190000.0
1855,4.6,50.0,12911.0,103,90490000.0
1856,5.5,,40699.0,101,10280000.0
1857,6.2,40.0,78556.0,115,160000.0
1858,7.3,81.0,210748.0,112,9740000.0
1859,8.1,,186309.0,92,
1860,6.2,27.0,92735.0,108,90000.0
1861,6.3,29.0,71902.0,90,7710000.0
1862,5.8,20.0,137091.0,92,56750000.0
1863,6.4,63.0,185909.0,99,50290000.0
1864,6.6,83.0,216871.0,99,42100000.0
1865,6.4,51.0,243170.0,107,52000000.0
1866,7.1,55.0,72918.0,127,620000.0
1867,7.5,67.0,97911.0,124,3080000.0
1868,7.4,71.0,195773.0,78,
1869,6.8,67.0,228037.0,96,114050000.0
1870,4.8,44.0,299214.0,130,296620000.0
1871,5.1,58.0,260006.0,124,300530000.0
1872,5.6,33.0,38576.0,101,29060000.0
1873,7.0,65.0,168155.0,95,1030000.0
1874,8.1,72.0,,116,148100000.0
1875,7.1,90.0,150225.0,100,6530000.0
1876,6.0,42.0,211967.0,105,177240000.0
1877,6.4,47.0,181862.0,129,93950000.0
1878,6.3,43.0,157406.0,108,80010000.0
1879,5.7,34.0,125200.0,125,110490000.0
1880,7.2,77.0,170541.0,128,15540000.0
1881,7.3,74.0,167568.0,134,37490000.0
1882,6.5,49.0,91571.0,109,8400000.0
1883,6.2,56.0,57742.0,94,64000000.0
1884,7.4,65.0,51696.0,84,230000.0
1885,6.7,47.0,268560.0,117,77220000.0
1886,7.7,51.0,,90,145000000.0
1887,5.9,34.0,81622.0,98,25460000.0
1888,6.7,28.0,159175.0,108,10330000.0
1889,8.2,63.0,,138,128009999.99999999
1890,8.1,,309932.0,93,
1891,8.4,67.0,432399.0,170,6530000.0
1892,6.8,,124803.0,101,
1893,7.1,40.0,155443.0,113,19070000.0
1894,8.3,,205965.0,162,1220000.0
1895,8.0,68.0,54838.0,130,1500000.0
1896,5.8,49.0,45190.0,118,19680000.0
1897,6.3,43.0,84856.0,87,28570000.0
1898,7.8,70.0,,166,127510000.0
1899,5.1,30.0,114619.0,82,66480000.00000001
1900,7.5,65.0,192868.0,89,220000.0
1901,6.3,46.0,209906.0,109,76420000.0
1902,6.2,54.0,137352.0,94,32430000.0
1903,6.2,41.0,246914.0,121,79960000.0
1904,5.8,34.0,94437.0,115,55250000.0
1905,5.5,40.0,178169.0,104,79370000.0
1906,7.1,47.0,157596.0,107,63410000.0
1907,6.2,49.0,47573.0,103,1590000.0
1908,5.5,25.0,64502.0,91,32670000.0
1909,6.9,,129111.0,99,
1910,7.3,78.0,116011.0,110,47570000.0
1911,6.0,61.0,63506.0,93,20000.0
1912,7.8,90.0,102011.0,155,2080000.0
1913,7.9,50.0,116113.0,165,4019999.9999999995
1914,7.7,55.0,244995.0,94,9030000.0
1915,7.3,51.0,98046.0,109,49200000.0
1916,6.4,55.0,207463.0,106,65450000.0
1917,7.0,57.0,238908.0,128,39390000.0
1918,6.3,32.0,110494.0,111,13790000.0
1919,6.2,44.0,106788.0,97,23580000.0
1920,6.7,48.0,308883.0,138,133380000.0
1921,6.6,61.0,246406.0,89,180010000.0
1922,7.0,42.0,251131.0,123,41600000.0
1923,7.2,73.0,165698.0,97,104400000.0
1924,8.2,80.0,221672.0,129,6390000.0
1925,6.0,30.0,124673.0,90,27690000.0
1926,7.1,66.0,98325.0,129,9080000.0
1927,6.3,,29998.0,100,
1928,6.8,65.0,153754.0,123,7690000.0
1929,7.0,60.0,147224.0,79,31740000.0
1930,7.1,58.0,155402.0,137,28640000.0
1931,1.7,,25394.0,105,
1932,5.6,47.0,95142.0,115,15050000.0
1933,5.0,,71155.0,104,
1934,6.3,45.0,180022.0,89,38580000.0
1935,5.5,22.0,134104.0,110,67060000.0
1936,7.9,87.0,56972.0,119,110000.0
1937,7.2,69.0,87745.0,161,340000.0
1938,7.0,88.0,149399.0,106,9190000.0
1939,7.0,71.0,140484.0,92,100000.0
1940,6.0,,35881.0,104,
1941,6.4,55.0,41748.0,96,1470000.0
1942,6.3,48.0,77628.0,96,3070000.0
1943,7.0,,93233.0,97,
1944,7.1,47.0,63825.0,100,8860000.0
1945,6.4,42.0,121350.0,92,23980000.0
1946,6.8,,21698.0,119,
1947,6.5,49.0,136100.0,108,400000.0
1948,7.1,58.0,145494.0,105,28500000.0
1949,6.1,49.0,82173.0,106,17300000.0
1950,7.1,67.0,38686.0,98,1450000.0
1951,6.1,,63711.0,98,20000.0
1952,7.5,77.0,117533.0,99,9170000.0
1953,6.7,45.0,21304.0,107,200000.0
1954,7.2,73.0,109503.0,97,110000.0
1955,7.2,83.0,94421.0,112,39460000.0
1956,6.2,24.0,66783.0,118,10270000.0
1957,6.7,61.0,55329.0,117,31670000.0
1958,5.3,32.0,111600.0,100,40170000.0
1959,6.0,33.0,92320.0,108,62950000.0
1960,6.1,46.0,169657.0,109,63150000.0
1961,6.4,46.0,143969.0,104,31580000.0
1962,6.3,56.0,171803.0,88,98710000.0
1963,6.4,56.0,175456.0,94,198350000.0
1964,5.6,43.0,47166.0,90,8460000.0
1965,6.8,63.0,142499.0,115,35050000.0
1966,5.8,38.0,82920.0,104,44280000.0
1967,4.7,30.0,62753.0,103,19780000.0
1968,6.5,50.0,106892.0,105,53030000.0
1969,6.5,57.0,98210.0,121,112740000.0
1970,6.3,56.0,49953.0,129,25530000.0
1971,4.7,33.0,61653.0,81,10540000.0
1972,6.0,33.0,101004.0,99,110100000.0
1973,6.1,41.0,158524.0,96,13630000.0
1974,6.1,51.0,176431.0,104,31720000.0
1975,4.5,41.0,54236.0,88,219610000.0
1976,5.9,30.0,67031.0,103,8050000.000000001
1977,2.5,45.0,79178.0,85,9350000.0
1978,6.4,57.0,134698.0,98,30100000.0
1979,5.4,21.0,95897.0,100,47060000.0
1980,4.9,34.0,103405.0,97,43340000.0
1981,5.8,39.0,23581.0,101,
1982,5.3,39.0,117113.0,91,20820000.0
1983,6.3,60.0,123469.0,146,51860000.0
1984,5.7,27.0,139400.0,95,20490000.0
1985,7.2,55.0,91216.0,103,1820000.0
1986,6.5,63.0,76257.0,98,15480000.0
1987,6.1,48.0,76203.0,104,
1988,6.5,45.0,61050.0,120,690000.0
1989,5.4,51.0,60307.0,101,51550000.0
1990,6.7,60.0,45971.0,122,36840000.0
1991,5.8,43.0,111507.0,103,61980000.0
1992,6.5,65.0,50857.0,106,3570000.0
1993,6.5,56.0,128616.0,101,39120000.0
1994,6.3,34.0,75419.0,99,38110000.0
1995,7.2,64.0,66235.0,105,11000000.0
1996,5.0,36.0,49527.0,101,60020000.0
1997,6.5,66.0,67318.0,108,33310000.000000004
1998,6.4,63.0,75956.0,90,15280000.0
1999,6.0,53.0,77075.0,89,31690000.0
